region,02.12.2020,01.12.2020,30.11.2020,29.11.2020,28.11.2020,27.11.2020,26.11.2020,25.11.2020,24.11.2020,23.11.2020,22.11.2020,21.11.2020,20.11.2020,19.11.2020,18.11.2020,17.11.2020,16.11.2020,15.11.2020,14.11.2020,13.11.2020,12.11.2020,11.11.2020,10.11.2020,09.11.2020,08.11.2020,07.11.2020,06.11.2020,05.11.2020,04.11.2020,03.11.2020,02.11.2020,01.11.2020,31.10.2020,30.10.2020,29.10.2020,28.10.2020,27.10.2020,26.10.2020,25.10.2020,24.10.2020,23.10.2020,22.10.2020,21.10.2020,20.10.2020,19.10.2020,18.10.2020,17.10.2020,16.10.2020,15.10.2020,14.10.2020,13.10.2020,12.10.2020,11.10.2020,10.10.2020,09.10.2020,08.10.2020,07.10.2020,06.10.2020,05.10.2020,04.10.2020,03.10.2020,02.10.2020,01.10.2020,30.09.2020,29.09.2020,28.09.2020,27.09.2020,26.09.2020,25.09.2020,24.09.2020,23.09.2020,22.09.2020,21.09.2020,20.09.2020,19.09.2020,18.09.2020,17.09.2020,16.09.2020,15.09.2020,14.09.2020,13.09.2020,12.09.2020,11.09.2020,10.09.2020,09.09.2020,08.09.2020,07.09.2020,06.09.2020,05.09.2020,04.09.2020,03.09.2020,02.09.2020,01.09.2020,31.08.2020,30.08.2020,29.08.2020,28.08.2020,27.08.2020,26.08.2020,25.08.2020,24.08.2020,23.08.2020,22.08.2020,21.08.2020,20.08.2020,19.08.2020,18.08.2020,17.08.2020,16.08.2020,15.08.2020,14.08.2020,13.08.2020,12.08.2020,11.08.2020,10.08.2020,09.08.2020,08.08.2020,07.08.2020,06.08.2020,05.08.2020,04.08.2020,03.08.2020,02.08.2020,01.08.2020,31.07.2020,30.07.2020,29.07.2020,28.07.2020,27.07.2020,26.07.2020,25.07.2020,24.07.2020,23.07.2020,22.07.2020,21.07.2020,20.07.2020,19.07.2020,18.07.2020,17.07.2020,16.07.2020,15.07.2020,14.07.2020,13.07.2020,12.07.2020,11.07.2020,10.07.2020,09.07.2020,08.07.2020,07.07.2020,06.07.2020,05.07.2020,04.07.2020,03.07.2020,02.07.2020,01.07.2020,30.06.2020,29.06.2020,28.06.2020,27.06.2020,26.06.2020,25.06.2020,24.06.2020,23.06.2020,22.06.2020,21.06.2020,20.06.2020,19.06.2020,18.06.2020,17.06.2020,16.06.2020,15.06.2020,14.06.2020,13.06.2020,12.06.2020,11.06.2020,10.06.2020,09.06.2020,08.06.2020,07.06.2020,06.06.2020,05.06.2020,04.06.2020,03.06.2020,02.06.2020,01.06.2020,31.05.2020,30.05.2020,29.05.2020,28.05.2020,27.05.2020,26.05.2020,25.05.2020,24.05.2020,23.05.2020,22.05.2020,21.05.2020,20.05.2020,19.05.2020,18.05.2020,17.05.2020,16.05.2020,15.05.2020,14.05.2020,13.05.2020,12.05.2020,11.05.2020,10.05.2020,09.05.2020,08.05.2020,07.05.2020,06.05.2020,05.05.2020,04.05.2020,03.05.2020,02.05.2020,01.05.2020,30.04.2020,29.04.2020,28.04.2020,27.04.2020,26.04.2020,25.04.2020,24.04.2020,23.04.2020,22.04.2020,21.04.2020,20.04.2020,19.04.2020,18.04.2020,17.04.2020,16.04.2020,15.04.2020,14.04.2020,13.04.2020,12.04.2020,11.04.2020,10.04.2020,09.04.2020,08.04.2020,07.04.2020,06.04.2020,05.04.2020,04.04.2020,03.04.2020,02.04.2020,01.04.2020,31.03.2020,30.03.2020,29.03.2020,28.03.2020,27.03.2020,26.03.2020
Алтайский край,573,562,550,542,532,522,511,501,492,491,489,489,480,471,462,452,442,432,422,413,404,394,388,384,378,367,365,357,356,349,345,337,335,325,319,313,310,309,304,301,293,291,283,281,280,277,277,270,267,261,258,254,253,250,248,240,235,227,221,219,217,211,209,206,201,195,193,189,187,184,179,175,173,169,164,161,159,154,152,143,143,141,139,139,136,131,127,127,123,122,120,119,119,119,117,116,114,112,112,111,110,110,110,110,108,107,107,99,98,96,96,96,96,95,91,91,89,85,80,78,78,68,68,68,66,66,66,64,64,64,60,59,59,57,57,57,56,56,55,54,54,52,51,51,50,49,49,49,47,45,44,42,40,38,36,33,31,31,31,30,29,29,29,27,27,25,24,24,22,21,19,19,19,19,19,16,15,14,14,14,13,12,12,12,12,12,12,12,10,10,9,7,7,7,7,7,6,4,3,3,3,3,3,3,3,3,3,3,3,3,3,3,2,1,1,1,1,1,1,1,2,1,0,0,0,0,0,0,0,0,0,0,0,0,0,0,0,0,0,0,0,0,0,0,0,0,0,0,0,0,0,0
Амурская область,98,98,98,98,98,98,98,98,98,98,97,97,97,97,88,77,74,71,71,71,69,69,69,69,68,68,68,66,63,63,63,63,63,63,61,61,61,61,61,61,61,61,61,60,60,60,60,60,60,57,57,57,57,57,57,57,54,52,52,52,52,52,52,52,52,52,52,52,52,50,50,50,50,50,50,50,50,50,50,50,50,50,50,50,49,47,47,47,47,47,47,47,47,47,47,47,47,47,47,47,47,47,47,47,47,47,47,47,47,47,47,47,47,47,47,47,47,47,47,47,47,47,47,47,47,47,47,47,47,47,47,45,42,33,33,33,33,31,31,30,30,27,23,23,23,23,22,20,16,16,16,13,13,13,13,11,9,9,9,9,9,7,7,7,7,7,7,7,7,6,6,6,5,5,5,5,5,5,5,5,5,5,5,5,5,5,5,5,5,5,5,5,5,1,1,1,1,1,1,1,1,1,1,1,1,1,1,1,1,1,1,1,1,1,1,1,1,0,0,0,0,0,0,0,0,0,0,0,0,0,0,0,0,0,0,0,0,0,0,0,0,0,0,0,0,0,0,0,0,0,0,0
Архангельская область,347,345,338,338,335,332,330,329,320,319,319,318,318,317,315,315,315,315,310,310,309,304,300,300,300,300,297,296,295,288,287,287,287,287,287,286,286,277,277,277,271,271,271,271,271,271,271,271,271,271,268,266,266,266,265,263,263,262,262,261,261,260,260,260,260,258,258,258,258,258,258,258,257,257,257,257,257,257,256,256,256,256,256,256,255,255,255,255,254,252,252,252,252,251,251,251,249,248,245,245,245,245,243,241,241,241,241,241,241,241,234,227,220,220,219,219,219,207,203,203,198,185,185,185,182,169,169,166,152,152,152,148,133,133,132,129,129,129,129,116,113,108,105,104,96,86,83,81,72,68,68,67,64,61,61,58,54,53,50,39,37,35,33,32,30,27,27,25,19,19,19,19,16,16,15,13,10,10,9,9,9,8,7,7,5,5,5,5,5,5,4,4,4,4,4,4,4,4,3,3,3,3,3,3,3,3,3,1,1,1,1,1,1,1,1,5,1,1,1,1,1,1,1,1,1,1,1,0,0,0,0,0,0,0,0,0,0,0,0,0,0,0,0,0,0,0,0,0,0,0,0,0
Астраханская область,263,260,257,254,250,246,243,240,237,234,231,228,224,221,218,215,212,209,206,202,199,196,193,190,186,186,183,181,178,175,172,170,170,167,164,161,158,155,154,154,153,151,148,145,143,141,141,139,137,135,133,131,129,129,128,126,124,122,120,119,118,116,114,111,110,108,105,104,100,100,98,96,95,94,94,92,91,90,89,88,87,87,85,84,82,81,80,79,79,77,75,75,74,73,72,72,70,69,68,67,66,65,65,63,62,61,60,59,58,57,56,55,54,54,53,52,52,51,50,50,50,49,49,48,47,47,46,45,44,43,43,42,42,41,40,39,39,39,39,38,38,37,36,35,35,35,35,35,35,33,33,33,32,32,32,31,30,30,30,29,29,29,28,28,28,27,27,26,25,25,24,24,24,24,23,23,22,22,22,22,20,19,19,19,16,15,15,15,15,12,11,11,10,8,8,7,7,7,7,7,7,7,7,7,7,6,6,6,6,6,6,6,4,4,4,4,4,4,4,4,4,4,3,3,3,3,3,3,3,3,3,1,0,0,0,0,0,0,0,0,0,0,0,0,0,0,0,0,0,0,0,0
Белгородская область,90,89,88,88,88,85,85,85,84,76,72,72,72,71,71,67,64,64,64,63,63,62,61,61,61,61,61,61,61,61,61,61,61,61,61,61,61,61,61,61,61,61,60,60,59,59,59,59,58,58,58,58,58,58,58,58,58,58,58,58,58,58,58,58,58,58,58,58,57,57,57,57,57,57,57,57,57,57,55,55,55,55,55,55,55,54,54,54,54,54,54,53,53,53,53,53,51,51,51,51,51,51,51,51,51,51,51,51,51,51,51,51,51,51,51,51,51,50,49,49,47,47,47,47,47,47,46,46,46,46,46,46,46,45,43,43,43,43,43,42,42,42,42,42,42,42,42,42,42,42,42,42,42,42,42,42,42,42,42,42,42,42,41,39,38,38,38,38,36,36,36,36,34,33,33,32,28,27,27,25,22,22,22,20,19,19,18,18,15,15,15,15,13,12,12,12,12,11,9,9,9,9,8,8,8,6,6,6,6,6,5,5,5,5,5,5,4,3,3,2,2,2,2,2,2,2,2,2,2,2,2,1,0,0,0,0,0,0,0,0,0,0,0,0,0,0,0,0,0,0,0,0
Брянская область,132,124,124,124,124,121,118,113,113,111,111,111,108,105,99,99,99,99,99,93,85,85,80,80,80,77,74,70,70,70,67,67,64,60,60,57,55,55,55,55,53,50,50,47,47,46,46,46,43,41,41,41,41,41,40,40,40,38,38,38,38,38,38,38,38,37,37,37,37,37,37,37,37,37,37,37,35,35,35,35,35,35,35,35,35,35,35,35,35,35,35,35,35,35,35,35,35,35,35,35,35,35,35,35,35,35,35,35,35,35,35,35,35,35,35,35,35,35,35,35,35,35,35,35,35,35,35,35,35,35,35,35,35,35,35,35,35,35,35,35,35,35,35,35,35,35,35,35,34,34,34,34,34,34,34,34,34,34,34,34,34,34,34,34,32,32,32,32,32,32,32,32,32,32,32,31,31,31,31,31,31,31,31,31,31,31,31,31,31,31,31,31,31,31,31,31,31,30,30,30,30,30,30,30,29,22,17,17,17,12,12,12,12,9,9,9,8,4,4,4,3,2,2,2,1,1,1,1,1,1,0,0,0,0,0,0,0,0,0,0,0,0,0,0,0,0,0,0,0,0,0,0
Владимирская область,333,324,319,313,313,313,310,295,290,290,290,287,284,281,277,277,277,277,277,277,277,277,277,277,277,277,274,270,270,270,267,267,264,260,260,258,256,253,251,251,251,246,246,246,246,245,243,240,239,239,237,237,237,237,237,235,232,230,227,226,223,221,218,216,213,211,209,208,205,203,203,201,201,201,201,200,200,199,199,199,199,199,199,198,198,197,197,197,197,196,195,195,194,194,194,194,193,193,193,193,192,192,192,191,191,191,190,186,184,182,178,175,172,168,165,163,161,158,156,153,149,147,146,144,139,136,132,128,125,124,123,121,118,116,113,109,108,106,103,100,96,94,91,90,88,86,84,81,80,77,74,71,68,65,65,64,63,62,61,59,55,55,54,52,51,50,49,48,47,46,46,45,45,44,42,38,34,30,30,30,30,27,27,24,21,21,21,20,18,17,17,16,16,16,15,15,15,15,15,15,15,15,15,15,15,15,15,13,12,12,12,12,12,7,7,7,5,5,5,5,5,5,5,5,5,5,5,5,5,5,5,2,2,1,1,1,1,1,1,1,1,1,1,1,1,1,1,0,0,0,0,0
Волгоградская область,316,312,308,305,300,297,294,289,284,280,275,272,268,264,259,256,252,248,244,240,238,235,233,231,229,227,225,223,223,217,214,211,207,203,199,198,196,193,191,190,188,186,183,181,178,175,175,172,170,167,165,161,161,160,160,158,156,154,152,152,151,151,151,147,144,142,141,140,138,136,134,132,131,131,130,129,128,127,126,125,125,123,122,121,120,118,117,115,112,110,108,106,104,101,97,93,90,87,87,85,85,84,84,83,82,80,80,79,79,78,77,75,75,73,72,72,70,69,68,67,65,65,64,63,62,61,61,61,59,58,57,57,55,55,54,53,53,52,52,51,50,50,48,48,47,47,45,45,45,44,43,43,41,41,39,39,37,36,36,35,35,34,34,33,33,32,32,31,31,29,29,27,27,25,25,24,24,23,23,21,21,21,20,20,20,19,18,18,16,16,16,15,15,14,13,13,13,13,13,13,13,13,13,13,12,12,12,12,12,12,12,12,12,10,9,8,8,8,8,8,6,5,3,2,2,1,1,1,1,0,0,0,0,0,0,0,0,0,0,0,0,0,0,0,0,0,0,0,0,0,0,0
Вологодская область,176,162,152,144,135,126,119,110,100,90,84,78,74,74,74,74,74,74,74,74,74,74,74,74,74,73,73,73,73,73,73,73,70,66,61,61,61,61,61,61,61,61,59,57,57,57,57,55,55,55,54,54,54,54,54,50,50,49,49,49,49,47,47,47,47,46,46,46,45,45,45,45,45,45,45,45,45,44,44,44,44,44,44,44,43,43,43,43,43,39,38,38,37,36,36,35,34,34,34,34,34,34,34,32,30,30,30,30,30,30,29,29,29,28,27,26,26,26,26,26,26,25,25,25,25,24,24,21,21,20,20,20,19,19,19,19,19,19,19,19,19,19,19,19,19,19,17,17,17,17,17,17,17,17,17,17,17,17,17,17,17,17,17,16,16,16,16,15,14,14,13,13,13,13,13,13,11,11,11,11,11,11,11,7,7,7,7,7,5,5,4,4,4,4,3,3,3,3,3,3,3,2,2,1,1,1,1,1,1,1,1,0,0,0,0,0,0,0,0,0,0,0,0,0,0,0,0,0,0,0,0,0,0,0,0,0,0,0,0,0,0,0,0,0,0,0,0,0,0,0,0,0
Воронежская область,632,618,603,590,576,561,548,536,528,517,505,495,481,468,449,437,429,421,414,404,394,382,374,372,362,359,358,358,353,339,332,332,329,322,321,311,303,287,275,275,270,259,248,240,239,239,238,234,230,225,217,209,209,207,201,199,195,194,190,188,188,186,184,183,181,175,175,175,169,169,163,158,153,153,153,148,148,142,140,138,138,138,138,135,129,129,123,123,123,118,117,115,115,109,109,109,107,107,105,104,104,104,104,104,103,100,97,97,97,97,97,96,96,93,93,93,93,92,90,88,83,82,82,82,82,80,80,79,78,78,78,78,78,78,77,77,77,77,75,71,69,67,63,63,63,59,54,51,47,44,44,44,41,41,41,38,35,35,35,34,33,33,31,30,30,30,30,28,27,24,22,22,21,21,19,17,16,16,16,16,16,16,16,16,15,15,15,15,15,14,14,14,14,14,13,13,13,13,13,13,13,12,12,12,12,12,12,12,12,12,12,12,11,9,9,9,9,8,8,8,8,8,7,7,7,6,5,5,5,1,1,1,1,0,0,0,0,0,0,0,0,0,0,0,0,0,0,0,0,0,0,0
Еврейская автономная область,50,50,50,50,50,48,48,48,48,48,47,47,47,47,47,47,44,44,40,40,40,40,40,39,39,37,37,35,32,27,27,27,27,27,27,27,27,27,25,25,22,22,22,22,22,22,19,19,19,19,19,19,19,19,19,19,19,18,16,15,14,14,14,14,13,13,12,11,11,10,10,10,10,10,10,10,10,10,10,10,9,9,9,9,9,9,9,9,9,9,9,9,9,9,9,9,9,9,9,9,9,9,9,9,9,9,8,8,8,8,8,8,8,8,8,8,8,8,8,8,8,8,8,8,8,8,8,8,8,8,7,7,7,7,7,7,7,7,7,6,6,6,6,6,6,6,6,6,6,6,6,5,5,5,5,5,5,5,5,5,5,5,5,5,5,5,5,5,5,4,4,4,4,4,4,4,4,4,4,4,4,4,4,3,3,3,3,3,3,3,3,2,2,2,2,2,2,2,2,2,2,2,1,1,1,1,1,1,0,0,0,0,0,0,0,0,0,0,0,0,0,0,0,0,0,0,0,0,0,0,0,0,0,0,0,0,0,0,0,0,0,0,0,0,0,0,0,0,0,0,0,0
Забайкальский край,331,325,318,311,307,302,295,287,279,273,267,257,252,247,241,235,227,219,214,211,208,204,198,191,186,182,176,170,162,157,151,146,141,137,132,127,123,118,114,109,104,99,95,91,86,81,78,74,72,72,72,72,72,72,72,71,71,71,70,70,69,69,69,69,68,68,68,67,67,66,66,66,65,65,65,65,65,64,64,63,63,62,62,61,61,60,60,60,59,59,58,58,57,57,56,56,56,55,55,54,54,53,52,52,51,51,51,51,51,50,50,49,49,49,49,49,49,48,47,47,47,47,47,47,47,47,47,47,47,47,47,47,47,47,47,47,47,47,47,47,46,46,45,45,44,44,44,44,44,44,43,43,42,42,42,42,41,41,41,41,41,40,40,40,40,40,40,40,40,40,40,40,40,40,38,32,31,29,27,27,26,24,22,21,20,20,19,18,17,17,14,12,12,12,10,7,7,6,5,4,3,2,1,1,1,0,0,0,0,0,0,0,0,0,0,0,0,0,0,0,0,0,0,0,0,0,0,0,0,0,0,0,0,0,0,0,0,0,0,0,0,0,0,0,0,0,0,0,0,0,0,0
Ивановская область,259,249,247,247,244,239,234,229,224,219,219,219,216,213,210,210,203,203,201,197,194,190,185,185,184,181,181,181,181,176,176,176,174,172,169,166,166,165,165,163,162,162,161,160,158,158,155,154,153,151,148,145,144,144,143,141,141,138,138,138,137,136,134,134,134,134,134,132,132,132,132,130,130,130,130,129,128,126,126,125,125,125,123,123,123,122,122,121,121,120,119,119,119,118,118,118,117,117,115,115,114,112,112,112,112,112,112,111,111,111,110,109,108,108,107,107,107,107,107,107,104,102,99,97,94,91,90,88,86,83,79,74,69,65,65,64,64,64,63,61,59,59,59,58,57,55,53,51,49,49,49,49,48,45,45,44,43,43,40,40,39,37,35,35,35,35,34,32,31,30,27,27,27,27,25,25,25,22,22,22,20,20,18,18,18,18,18,18,18,18,18,17,17,17,16,16,16,15,13,13,13,13,12,12,12,11,10,10,7,7,7,6,5,4,3,3,3,2,2,2,2,2,2,2,2,2,2,1,1,0,0,0,0,0,0,0,0,0,0,0,0,0,0,0,0,0,0,0,0,0,0,0
Иркутская область,823,806,791,775,763,749,736,729,721,712,699,684,666,648,631,613,597,585,576,560,543,527,518,505,494,484,479,468,460,448,437,430,424,414,406,394,384,375,368,359,351,342,334,327,327,324,324,322,322,321,320,318,318,317,315,312,311,309,302,299,299,297,297,291,287,284,284,284,281,281,278,277,277,274,274,273,269,266,264,262,262,262,261,260,259,254,254,254,254,254,252,251,250,248,248,248,248,248,245,242,239,239,239,239,239,239,237,228,225,225,224,221,214,214,209,206,206,206,198,189,182,178,176,176,174,171,167,164,154,150,150,150,144,132,123,122,120,120,115,109,107,98,94,94,94,87,86,82,76,69,69,69,69,66,63,59,56,55,55,50,44,42,40,40,40,40,31,27,24,22,20,20,20,20,20,20,18,16,16,16,16,15,14,13,11,11,11,11,10,10,10,9,9,9,8,6,6,4,4,4,4,4,4,4,4,4,4,4,4,4,4,4,4,4,4,4,4,4,4,4,4,3,3,3,3,3,2,2,2,2,2,2,2,2,2,2,2,2,2,1,0,0,0,0,0,0,0,0,0,0,0,0
Кабардино-Балкарская Республика,218,215,213,210,207,205,203,201,198,196,193,191,188,186,183,181,179,176,173,171,169,166,163,160,159,158,156,153,149,146,145,142,140,138,136,134,132,130,127,127,125,125,123,119,117,114,112,110,110,109,108,107,105,103,103,102,101,100,98,97,96,94,93,92,91,91,91,91,91,91,90,89,88,87,86,85,84,84,83,82,82,81,81,80,79,79,79,79,79,79,79,79,79,78,77,77,77,77,77,77,77,77,76,75,75,75,75,75,75,75,75,75,75,75,75,75,74,73,72,71,71,71,70,70,70,70,70,68,66,66,66,65,64,64,64,64,64,63,63,61,61,61,61,61,61,60,60,60,60,57,56,56,54,54,53,53,53,52,50,49,48,47,47,47,45,43,42,41,40,39,39,38,35,35,34,34,33,33,31,29,27,25,23,21,20,17,16,14,14,12,8,8,8,8,8,8,7,7,7,7,7,7,7,6,4,3,3,3,3,3,3,3,2,2,2,2,2,2,1,1,1,1,1,1,1,1,0,0,0,0,0,0,0,0,0,0,0,0,0,0,0,0,0,0,0,0,0,0,0,0,0,0
Калининградская область,117,114,111,111,110,110,108,108,106,106,106,106,105,105,105,105,105,105,105,105,105,101,100,100,100,100,100,100,98,98,98,98,98,98,97,93,93,93,93,93,93,93,93,91,91,91,91,91,91,90,89,88,87,85,85,85,83,81,81,81,80,78,75,75,75,75,75,75,73,73,73,72,68,67,67,67,65,64,61,58,58,58,58,58,58,58,58,58,58,58,58,58,58,58,58,58,58,58,58,58,58,58,57,55,55,55,53,53,53,53,53,53,53,47,46,46,45,45,45,45,45,45,45,45,45,45,45,43,43,43,43,43,43,43,43,43,43,43,43,43,42,41,41,41,41,41,41,40,40,39,38,38,38,38,38,37,37,37,37,37,37,37,33,33,33,33,33,33,32,32,31,31,31,31,30,29,25,24,24,24,24,24,24,24,24,24,24,24,21,21,21,18,18,18,17,14,11,11,11,11,11,11,11,11,11,11,11,11,11,11,11,11,9,6,6,5,3,3,3,3,3,1,1,1,1,1,1,1,1,1,1,1,1,1,1,1,0,0,0,0,0,0,0,0,0,0,0,0,0,0,0,0
Калужская область,113,109,109,109,109,109,106,105,105,105,105,105,100,100,97,97,97,97,93,93,93,93,93,89,89,89,89,86,86,84,84,84,82,82,79,79,79,79,79,79,79,79,79,79,79,79,77,74,74,74,74,74,74,74,74,74,74,74,74,74,74,74,74,74,74,74,74,74,74,74,74,74,72,72,72,71,71,71,71,71,71,71,71,71,71,71,71,71,69,69,69,69,67,67,67,67,67,67,64,64,62,62,62,60,60,60,60,58,58,58,58,58,58,56,56,56,56,56,56,56,56,56,56,56,56,56,56,56,56,56,56,56,56,56,54,54,54,54,54,54,52,52,51,51,51,50,49,48,48,48,48,48,45,44,44,44,44,44,44,44,43,43,43,43,43,42,42,41,41,39,39,39,39,39,37,36,36,36,36,35,34,34,34,32,31,31,31,31,29,29,27,26,26,23,21,21,20,19,19,19,19,19,19,19,15,15,15,14,13,13,12,12,12,12,12,12,12,12,12,8,8,8,8,8,8,6,4,2,2,1,1,0,0,0,0,0,0,0,0,0,0,0,0,0,0,0,0,0,0,0,0,0
Камчатский край,77,77,75,75,75,75,75,73,73,70,70,70,70,70,70,70,70,70,70,70,70,70,70,70,70,70,70,70,70,70,70,70,70,70,70,70,70,70,70,70,70,70,70,70,70,70,70,70,70,70,70,70,70,70,70,70,70,70,70,70,70,67,67,67,67,67,67,67,67,67,67,67,67,67,67,67,67,67,64,60,57,54,49,43,42,42,42,42,42,42,42,42,42,42,42,42,42,42,42,42,42,42,42,42,42,42,42,42,42,42,42,42,42,42,42,42,42,42,42,42,42,42,42,42,42,42,42,42,42,42,42,42,42,42,42,42,42,42,42,35,29,29,29,29,29,29,29,28,28,28,28,28,28,28,28,28,28,28,28,28,28,28,28,28,22,22,22,22,10,10,10,10,10,10,10,10,10,10,10,10,10,8,8,8,8,8,8,8,7,7,6,6,6,2,2,2,2,2,1,1,1,1,1,1,0,0,0,0,0,0,0,0,0,0,0,0,0,0,0,0,0,0,0,0,0,0,0,0,0,0,0,0,0,0,0,0,0,0,0,0,0,0,0,0,0,0,0,0,0,0,0,0
Карачаево-Черкесская Республика,34,34,34,34,34,34,34,34,34,34,34,34,34,34,34,34,34,34,34,34,34,34,34,34,34,34,34,34,34,33,33,33,33,33,33,30,30,30,30,30,30,30,30,30,30,30,30,30,30,30,30,30,30,29,29,29,29,29,29,29,29,29,29,29,28,28,28,28,28,28,28,28,28,28,28,28,28,28,28,28,28,28,28,28,28,28,28,28,28,28,26,26,26,26,26,26,26,26,26,26,26,26,26,26,26,25,25,25,25,25,25,25,25,24,24,24,24,24,24,23,23,23,23,23,23,21,21,20,20,20,20,20,20,20,20,20,20,20,20,20,20,18,18,17,15,15,15,15,15,15,15,15,15,15,13,12,12,12,12,12,12,12,10,9,9,9,9,9,9,9,9,9,9,9,9,9,9,9,8,7,7,7,5,5,5,5,5,5,5,5,4,4,4,4,4,4,4,4,4,4,4,3,3,3,3,3,3,3,3,2,2,2,2,2,2,2,2,2,2,2,1,0,0,0,0,0,0,0,0,0,0,0,0,0,0,0,0,0,0,0,0,0,0,0,0,0,0,0,0,0,0,0
Кемеровская область,384,381,377,373,369,364,359,356,353,349,345,340,334,329,323,319,314,310,302,296,290,282,274,267,261,255,249,243,238,234,227,227,227,218,211,207,200,195,195,195,189,185,183,175,171,167,167,165,158,151,146,143,137,133,133,126,123,118,113,110,110,110,106,103,95,92,91,88,87,87,75,68,67,67,67,67,56,55,55,50,50,50,49,49,49,49,48,48,48,47,45,45,45,44,44,44,41,35,30,26,21,21,21,21,21,21,20,19,19,19,19,19,19,19,19,19,19,18,18,18,18,18,18,18,18,18,18,16,16,16,16,15,15,15,15,15,15,15,15,14,14,14,13,13,12,11,11,10,10,10,10,10,9,9,9,9,9,9,9,9,9,8,8,8,7,7,7,7,7,7,7,7,7,7,7,7,7,7,7,7,7,7,7,7,7,7,7,7,7,7,7,7,7,7,7,7,7,7,7,7,7,7,7,7,7,7,6,6,5,4,4,4,4,2,2,2,2,2,2,1,1,1,1,1,1,1,1,1,1,0,0,0,0,0,0,0,0,0,0,0,0,0,0,0,0,0,0,0,0,0,0,0
Кировская область,198,196,195,194,193,192,191,190,190,189,189,188,187,187,186,185,184,183,182,181,180,179,178,177,176,176,174,173,172,171,170,169,168,167,166,165,163,162,161,160,159,158,157,156,155,154,153,152,151,150,149,147,147,146,145,139,138,137,136,135,134,133,132,131,130,129,128,127,126,125,124,123,122,121,120,118,116,114,112,110,108,106,104,102,100,100,98,98,98,98,98,98,98,98,98,98,98,97,96,95,94,93,92,91,90,89,88,87,86,85,84,83,82,81,80,79,78,76,76,75,73,73,73,71,69,69,68,68,65,63,59,59,57,56,54,53,52,52,50,49,49,47,45,44,43,42,42,42,42,42,42,41,40,38,37,35,35,35,34,34,33,33,33,32,30,30,30,28,28,26,26,26,25,23,23,22,20,20,20,18,18,17,17,17,17,17,15,13,11,10,8,8,8,7,6,6,5,5,5,5,5,5,5,5,5,5,4,4,4,4,4,4,4,4,4,4,4,4,3,3,3,3,3,3,3,2,2,2,2,2,0,0,0,0,0,0,0,0,0,0,0,0,0,0,0,0,0,0,0,0,0,0
Костромская область,187,186,183,182,181,178,176,174,174,173,173,173,173,171,167,167,165,163,161,157,157,157,155,144,144,144,140,140,140,140,140,137,137,122,121,108,96,96,96,96,96,96,96,95,95,95,95,95,95,90,90,90,90,90,87,79,79,79,79,79,79,79,77,74,68,67,67,67,62,59,59,58,58,58,58,58,58,53,53,50,50,50,49,47,44,44,41,41,41,41,41,41,40,40,40,40,40,40,39,38,38,38,38,38,37,37,35,33,33,33,32,30,30,30,30,30,27,27,27,27,26,26,26,26,26,26,26,26,26,26,26,26,26,25,24,24,24,24,24,24,24,24,23,23,23,22,22,22,22,21,21,21,21,21,21,17,17,17,17,15,15,15,15,15,15,14,13,13,12,12,12,12,12,12,12,12,12,12,12,12,11,11,11,11,11,10,10,9,9,9,8,8,8,8,8,7,6,3,3,3,3,3,3,3,3,3,3,3,3,3,3,3,3,3,3,3,3,3,3,3,3,3,2,2,2,2,2,2,2,2,2,2,2,2,2,1,1,1,1,1,1,1,1,0,0,0,0,0,0,0,0,0
Краснодарский край,614,606,599,593,587,579,573,566,559,552,545,539,533,527,521,516,511,506,501,496,491,486,484,478,472,467,460,453,447,441,435,428,421,414,407,401,395,391,385,379,373,368,363,358,353,348,343,339,336,332,327,322,318,314,309,305,301,297,293,291,289,287,282,278,277,273,272,271,265,262,256,251,246,244,241,235,231,229,228,224,220,215,209,205,202,196,194,193,191,189,187,187,185,182,177,176,174,172,169,166,163,160,157,154,151,148,145,143,143,141,138,136,134,132,131,129,128,126,123,121,119,117,116,114,113,110,108,106,104,103,102,100,100,99,98,97,96,94,93,92,89,88,88,87,85,83,83,83,83,82,82,81,81,79,78,76,74,74,73,71,70,69,67,65,63,60,57,57,55,53,52,52,50,49,47,47,46,44,43,42,41,40,38,36,33,32,31,31,29,29,28,28,27,27,26,26,26,26,26,25,24,24,24,22,22,22,22,21,21,21,21,21,21,20,20,20,20,20,19,19,19,18,16,14,11,8,8,5,4,3,3,3,3,3,3,3,3,1,1,1,0,0,0,0,0,0,0,0,0,0,0,0
Красноярский край,1160,1140,1118,1095,1070,1049,1025,1000,979,955,938,918,903,891,876,858,838,825,813,800,783,767,752,741,732,724,715,707,700,693,685,676,669,661,653,647,640,635,629,624,619,615,612,608,602,598,596,593,589,585,581,578,575,572,570,568,565,562,561,559,557,555,554,551,550,550,548,548,544,542,540,537,534,532,530,526,525,525,523,521,521,520,518,516,513,510,506,503,501,498,492,486,481,477,470,464,458,450,442,437,429,423,416,410,403,398,392,387,387,387,383,380,376,371,365,361,358,353,348,345,341,337,331,331,331,325,318,311,305,305,305,300,299,290,276,260,260,259,256,251,235,234,232,232,225,212,195,181,172,164,164,164,146,137,137,120,115,115,115,107,99,99,93,86,86,86,79,75,71,66,65,64,64,64,59,53,50,49,49,49,49,46,43,40,39,39,39,35,29,29,28,28,28,28,25,22,21,20,18,18,18,16,15,15,15,15,14,13,12,12,12,12,11,11,9,9,8,7,7,5,5,5,5,5,2,2,2,0,0,0,0,0,0,0,0,0,0,0,0,0,0,0,0,0,0,0,0,0,0,0,0,0
Курганская область,119,119,119,119,119,119,119,119,119,115,115,115,114,109,109,109,108,108,108,108,108,108,105,104,100,100,100,97,94,89,87,87,87,87,84,83,83,81,78,75,72,69,66,63,60,60,59,56,53,50,47,44,44,44,41,39,37,37,36,34,34,34,33,32,31,30,30,30,29,28,28,27,26,26,26,25,24,24,23,22,22,22,21,21,21,20,19,19,19,19,18,17,17,17,17,17,17,17,17,17,17,17,17,17,16,15,14,14,14,14,13,12,11,10,10,10,10,10,10,10,10,10,10,10,9,9,9,9,7,7,7,7,7,7,3,3,3,3,3,3,3,2,2,2,2,2,2,1,1,1,1,1,1,1,1,1,1,1,1,1,1,0,0,0,0,0,0,0,0,0,0,0,0,0,0,0,0,0,0,0,0,0,0,0,0,0,0,0,0,0,0,0,0,0,0,0,0,0,0,0,0,0,0,0,0,0,0,0,0,0,0,0,0,0,0,0,0,0,0,0,0,0,0,0,0,0,0,0,0,0,0,0,0,0,0,0,0,0,0,0,0,0,0,0,0,0,0,0,0,0,0,0
Курская область,203,199,198,198,195,190,186,183,178,174,173,169,163,156,153,153,149,146,142,139,135,130,126,123,123,119,115,111,109,103,100,100,99,93,89,82,79,77,77,74,73,70,67,65,65,65,65,63,61,60,60,60,60,60,60,58,58,58,58,58,58,57,57,57,57,57,57,57,56,56,56,56,56,56,56,56,56,56,55,54,54,54,54,54,54,54,54,54,54,54,54,53,53,53,53,53,53,53,53,53,52,52,52,52,51,51,51,51,51,51,51,51,51,51,51,51,51,51,51,51,51,50,50,50,50,49,49,49,49,49,49,49,49,49,49,49,49,49,49,48,48,48,46,46,45,45,43,43,41,39,39,39,37,37,36,34,32,32,32,31,30,30,28,27,26,26,25,23,23,22,22,22,20,20,19,19,17,16,16,15,15,15,13,13,13,13,10,10,10,9,9,8,8,8,8,7,7,7,7,7,7,7,6,6,6,6,6,6,6,4,4,4,4,4,4,4,4,4,4,4,4,4,3,3,3,3,2,2,2,2,2,0,0,0,0,0,0,0,0,0,0,0,0,0,0,0,0,0,0,0,0,0
Ленинградская область,148,144,139,139,134,133,133,131,131,131,131,131,131,131,131,126,121,121,117,117,117,117,117,117,117,117,117,117,116,116,116,116,116,116,116,116,116,116,110,109,109,107,107,107,106,106,106,103,103,103,103,100,100,100,100,100,100,100,100,100,100,98,98,98,98,98,98,98,98,98,96,95,91,91,91,91,91,91,90,87,86,86,86,86,86,85,83,83,82,82,80,80,79,79,79,79,79,79,74,74,74,74,74,70,70,70,70,68,66,66,66,66,62,62,61,61,61,56,56,56,56,56,56,56,56,56,56,56,56,56,56,50,50,48,47,46,46,46,46,42,42,40,39,37,37,36,36,35,34,34,34,34,34,32,32,32,30,30,28,27,27,27,27,27,27,25,25,25,25,24,23,23,23,23,23,23,19,18,18,18,17,15,15,15,11,11,11,11,11,11,11,9,8,8,8,8,8,8,8,8,8,7,6,6,6,6,6,6,4,3,3,3,3,3,3,3,1,1,0,0,0,0,0,0,0,0,0,0,0,0,0,0,0,0,0,0,0,0,0,0,0,0,0,0,0,0,0,0,0,0,0,0
Липецкая область,120,117,112,110,107,105,99,97,96,93,92,92,91,89,88,88,86,85,84,83,82,80,79,79,78,77,76,75,75,73,72,71,70,70,69,68,67,66,65,65,64,63,62,60,59,58,57,56,55,54,53,52,51,51,50,49,48,47,46,46,46,46,44,43,42,42,42,42,42,42,41,39,38,37,37,36,35,35,34,34,32,32,32,31,30,30,30,30,30,29,28,27,27,26,26,26,26,26,25,25,25,25,25,25,25,24,24,23,23,23,23,23,23,23,22,22,22,22,22,22,22,22,22,22,22,22,22,22,21,21,21,21,21,20,20,20,20,20,19,19,19,19,19,19,19,19,19,19,18,18,18,18,17,17,16,16,16,15,14,14,13,13,12,12,12,11,11,11,11,10,10,9,9,9,8,8,8,8,8,8,8,8,7,6,6,6,5,5,5,5,5,5,5,4,4,4,4,4,4,4,3,3,3,3,3,3,3,2,2,2,2,2,2,2,2,2,2,2,4,2,2,2,2,2,2,2,1,1,0,0,0,0,0,0,0,0,0,0,0,0,0,0,0,0,0,0,0,0,0,0,0,0
Магаданская область,56,54,54,54,54,53,53,53,53,51,51,51,51,49,49,48,47,47,47,47,46,46,44,43,42,42,41,39,38,38,38,38,38,38,38,38,38,37,37,37,36,35,34,34,34,34,33,32,31,30,29,28,28,28,27,27,26,26,26,26,26,26,25,25,25,25,25,25,25,25,25,25,24,24,23,22,21,19,19,19,19,19,19,19,19,18,18,18,18,18,18,18,18,18,18,18,18,18,18,18,18,18,17,16,16,16,16,15,15,15,15,15,15,14,14,14,14,14,14,14,13,13,13,13,13,12,10,10,7,7,7,7,7,7,7,7,6,6,6,6,5,5,5,4,4,4,4,4,4,4,4,4,4,4,4,4,4,4,4,4,4,4,4,4,4,4,4,4,4,4,4,4,4,4,4,4,4,3,3,3,3,3,3,3,3,3,3,3,3,3,3,3,3,3,3,3,3,3,3,3,3,3,3,3,3,3,3,2,2,2,2,2,2,2,2,2,2,2,2,0,0,0,0,0,0,0,0,0,0,0,0,0,0,0,0,0,0,0,0,0,0,0,0,0,0,0,0,0,0,0,0,0
Москва,9053,8978,8902,8828,8756,8680,8603,8530,8455,8379,8308,8233,8159,8082,8009,7933,7859,7787,7712,7643,7573,7502,7429,7361,7289,7215,7140,7071,7004,6936,6873,6820,6768,6713,6644,6578,6503,6442,6380,6312,6249,6187,6121,6058,6009,5958,5906,5850,5796,5739,5687,5629,5595,5560,5530,5497,5442,5401,5370,5343,5314,5282,5254,5230,5203,5180,5164,5146,5129,5115,5100,5084,5069,5057,5044,5033,5025,5016,5006,4993,4982,4968,4956,4947,4933,4921,4905,4891,4878,4867,4857,4844,4832,4821,4809,4798,4786,4776,4764,4753,4741,4731,4720,4710,4698,4687,4677,4666,4656,4645,4633,4622,4611,4599,4585,4572,4560,4546,4534,4521,4510,4498,4485,4473,4460,4446,4434,4421,4411,4398,4389,4375,4364,4350,4331,4314,4299,4285,4271,4258,4234,4205,4168,4143,4116,4087,4059,4027,3999,3975,3953,3929,3904,3870,3831,3796,3761,3738,3714,3694,3669,3657,3643,3617,3597,3565,3531,3483,3434,3386,3334,3281,3231,3187,3138,3085,3029,2970,2919,2864,2806,2749,2685,2624,2553,2477,2408,2330,2254,2183,2110,2034,1993,1934,1867,1794,1726,1651,1580,1503,1432,1358,1290,1232,1179,1124,1068,1010,956,905,866,816,764,729,695,658,611,546,479,435,404,366,325,288,261,233,204,176,148,127,113,106,95,82,72,58,50,38,31,31,29,29,27,20,19,16,11,6,6,4,3,2
Московская область,2124,2092,2071,2051,2031,2010,1987,1965,1943,1922,1902,1886,1871,1856,1840,1826,1811,1799,1787,1773,1758,1745,1730,1714,1701,1691,1677,1663,1653,1640,1627,1617,1608,1599,1586,1575,1563,1549,1541,1532,1522,1511,1501,1490,1478,1470,1462,1452,1443,1434,1426,1417,1412,1406,1397,1390,1384,1376,1369,1364,1358,1351,1344,1338,1331,1324,1319,1315,1311,1304,1298,1292,1285,1281,1278,1272,1267,1261,1255,1249,1244,1241,1237,1232,1226,1223,1218,1216,1213,1209,1204,1198,1193,1187,1185,1182,1178,1174,1174,1171,1169,1166,1161,1160,1157,1155,1151,1146,1144,1141,1139,1136,1132,1127,1124,1123,1122,1120,1120,1119,1117,1114,1113,1109,1106,1105,1102,1100,1098,1089,1089,1085,1075,1072,1067,1061,1058,1048,1043,1033,1022,1015,1009,1002,996,992,979,970,965,947,947,936,928,921,911,887,875,864,858,846,832,822,798,783,783,778,755,751,728,702,690,678,678,666,644,622,590,578,567,557,539,534,515,495,473,449,424,400,380,359,349,340,329,324,312,299,285,271,268,268,262,253,240,226,219,209,195,186,175,156,141,127,111,111,109,109,93,90,74,71,71,69,66,56,56,49,49,49,40,40,33,26,24,19,18,14,13,13,10,8,3,2,2,2,2,1,0,0,0,0,0,0
Мурманская область,485,482,476,476,472,468,460,452,445,437,431,423,415,407,399,394,387,381,376,367,361,355,349,344,338,334,325,321,313,309,303,300,297,294,290,284,280,279,276,272,268,264,261,257,254,252,251,247,243,238,237,234,234,234,231,228,228,228,225,225,225,222,218,214,209,208,208,208,205,205,202,199,197,196,194,192,189,188,185,185,183,180,177,176,175,173,171,170,169,168,166,165,162,159,159,158,157,157,154,152,148,144,140,133,133,129,125,121,116,112,109,107,104,101,98,96,94,90,88,86,84,81,79,79,77,74,71,68,68,66,64,61,59,57,55,52,49,47,44,42,39,35,32,29,28,26,23,21,21,21,21,19,18,16,16,15,13,13,12,12,11,11,9,9,9,9,9,9,9,7,7,7,7,7,7,7,7,7,7,7,7,7,7,7,7,7,7,7,7,7,7,7,7,7,7,7,7,6,6,6,6,6,6,5,5,5,5,4,4,4,4,4,4,4,4,4,4,4,4,4,4,4,4,3,3,3,3,3,2,1,1,1,1,1,0,0,0,0,0,0,0,0,0,0,0,0,0,0,0,0,0,0
Ненецкий автономный округ,0,0,0,0,0,0,0,0,0,0,0,0,0,0,0,0,0,0,0,0,0,0,0,0,0,0,0,0,0,0,0,0,0,0,0,0,0,0,0,0,0,0,0,0,0,0,0,0,0,0,0,0,0,0,0,0,0,0,0,0,0,0,0,0,0,0,0,0,0,0,0,0,0,0,0,0,0,0,0,0,0,0,0,0,0,0,0,0,0,0,0,0,0,0,0,0,0,0,0,0,0,0,0,0,0,0,0,0,0,0,0,0,0,0,0,0,0,0,0,0,0,0,0,0,0,0,0,0,0,0,0,0,0,0,0,0,0,0,0,0,0,0,0,0,0,0,0,0,0,0,0,0,0,0,0,0,0,0,0,0,0,0,0,0,0,0,0,0,0,0,0,0,0,0,0,0,0,0,0,0,0,0,0,0,0,0,0,0,0,0,0,0,0,0,0,0,0,0,0,0,0,0,0,0,0,0,0,0,0,0,0,0,0,0,0,0,0,0,0,0,0,0,0,0,0,0,0,0,0,0,0,0,0,0,0,0,0,0,0,0,0,0,0,0,0,0,0,0,0,0,0,0
Нижегородская область,1200,1186,1170,1155,1141,1126,1112,1097,1085,1074,1060,1047,1033,1020,1009,996,982,970,957,946,933,919,908,895,883,869,857,844,833,819,808,796,783,770,757,744,732,721,711,700,690,682,673,665,660,655,650,644,637,631,624,618,613,609,605,600,596,592,590,588,586,583,581,578,575,571,568,564,561,556,553,550,546,543,543,538,535,532,529,526,520,515,509,506,504,501,497,494,492,488,485,481,477,473,469,465,460,456,453,451,449,447,445,443,441,438,436,433,431,429,426,421,418,414,410,408,405,403,401,399,397,393,390,388,384,379,377,374,368,365,362,358,354,351,346,340,336,330,325,318,312,305,299,293,288,282,279,275,271,268,263,259,254,249,242,234,229,226,223,215,212,207,205,201,198,193,188,181,179,175,173,168,165,159,152,150,145,140,136,131,125,122,116,111,104,98,93,89,84,78,72,65,65,60,57,53,49,45,43,43,42,40,37,35,32,31,29,26,23,23,16,16,16,16,14,14,12,11,9,9,8,8,8,7,6,5,5,4,4,4,4,4,4,4,1,1,1,0,0,0,0,0,0,0,0,0,0,0,0,0,0,0
Новгородская область,89,89,89,89,89,89,89,89,89,89,89,89,89,89,89,89,89,89,89,89,89,87,87,87,87,87,87,87,87,87,87,87,87,87,87,87,87,87,87,87,87,87,87,87,87,87,87,87,87,87,86,86,86,86,86,86,86,86,86,86,86,86,86,86,86,86,86,86,86,86,86,86,86,86,86,86,86,86,86,86,86,86,86,86,86,86,86,86,86,86,86,86,86,76,76,76,72,72,72,72,72,72,72,72,72,72,72,72,72,72,72,72,72,72,72,72,72,72,72,72,72,72,72,72,71,71,70,70,70,70,70,70,70,69,65,64,64,63,63,61,56,56,54,52,46,39,32,28,28,28,28,27,27,26,26,25,25,25,25,20,20,20,20,20,20,20,20,20,18,18,16,12,12,12,11,11,11,10,9,9,9,8,8,8,8,8,8,7,6,6,5,5,5,5,5,5,5,5,5,5,5,5,5,5,5,5,5,5,5,5,5,4,2,2,2,2,2,2,2,2,2,1,1,1,1,1,1,1,1,0,0,0,0,0,0,0,0,0,0,0,0,0,0,0,0,0,0,0,0,0,0,0
Новосибирская область,756,750,743,736,730,724,717,711,704,698,693,687,682,677,670,666,660,655,648,644,640,633,630,625,621,617,612,609,603,600,596,590,586,583,578,574,569,566,560,557,552,548,542,539,533,528,524,519,513,507,501,496,491,488,483,481,476,473,469,464,461,457,454,449,445,441,439,435,432,428,425,420,417,413,410,407,403,401,398,397,394,390,389,387,384,381,378,378,376,371,367,364,361,358,355,354,352,349,346,344,341,339,336,335,329,324,319,315,312,309,306,303,297,292,285,280,273,269,262,255,251,246,240,234,230,223,218,211,206,200,196,190,184,179,177,171,168,163,160,155,152,148,146,142,137,133,128,124,120,116,112,105,105,101,99,96,93,91,87,83,82,78,76,72,70,68,65,63,62,60,57,55,53,50,48,46,44,42,41,40,38,36,34,34,33,32,32,31,31,31,30,29,29,27,25,23,22,22,20,20,20,18,16,16,16,15,15,14,12,12,11,9,9,7,7,5,4,4,4,4,4,4,4,4,4,4,3,3,2,2,1,0,0,0,0,0,0,0,0,0,0,0,0,0,0,0,0,0,0,0,0,0
Омская область,637,624,611,599,589,577,564,550,538,530,516,503,494,483,471,458,450,442,434,434,434,434,434,434,434,434,434,434,427,427,423,418,412,412,406,402,402,398,391,391,386,381,376,371,367,367,362,358,354,350,346,341,335,328,328,324,320,316,312,308,305,301,297,293,289,284,284,281,275,275,271,271,268,265,261,255,255,252,248,242,242,239,235,232,228,224,220,215,211,207,203,198,193,187,180,180,175,171,167,163,159,155,150,145,141,136,130,122,122,116,111,106,101,94,92,88,85,82,79,79,76,71,68,68,68,68,64,62,62,62,60,56,56,54,54,52,50,50,47,46,44,42,40,40,40,40,38,38,37,35,33,30,30,30,30,30,30,27,27,27,27,27,27,25,25,25,24,24,24,24,23,23,23,23,23,18,18,18,18,18,18,18,18,18,18,18,18,18,18,18,18,18,18,16,7,7,7,7,7,7,7,7,7,7,7,7,6,6,6,4,3,3,3,3,3,3,3,2,1,1,2,1,0,0,0,0,0,0,0,0,0,0,0,0,0,0,0,0,0,0,0,0,0,0,0,0,0,0,0,0,0,0
Оренбургская область,224,221,218,218,208,203,197,192,188,183,180,178,175,171,168,163,159,155,152,152,149,141,140,140,140,137,135,131,130,122,122,122,122,122,122,112,109,106,106,106,104,104,99,99,96,96,95,93,93,92,90,89,89,89,87,87,87,87,87,87,87,87,85,85,85,85,85,82,82,82,82,82,82,82,82,82,82,82,82,81,81,81,81,81,81,81,81,81,81,81,77,77,77,76,76,75,74,74,72,72,71,71,71,71,69,67,67,66,65,65,64,62,58,57,55,55,54,51,51,50,49,47,47,47,47,46,44,44,41,41,41,41,40,38,36,34,34,34,33,32,32,30,28,28,28,27,25,23,23,22,22,22,21,20,19,19,18,18,18,17,15,15,14,14,14,14,13,13,13,11,11,11,11,11,10,10,8,8,8,8,8,8,8,7,6,6,6,6,6,6,6,5,5,5,5,5,5,5,5,5,5,5,5,5,5,5,5,5,5,4,4,4,4,4,4,3,3,3,2,2,2,2,2,2,2,2,2,2,2,2,2,1,1,1,1,1,1,1,1,1,1,1,1,1,1,1,1,1,1,0,0,0
Орловская область,202,199,196,196,194,191,188,186,184,182,181,181,178,175,173,171,171,171,171,169,169,168,167,166,166,166,163,161,160,158,158,157,157,155,153,153,151,149,149,149,147,147,146,144,144,144,144,143,141,140,139,137,137,137,136,135,134,134,132,132,132,131,129,129,128,127,127,127,126,126,125,123,122,122,122,121,120,120,116,115,115,115,114,113,113,111,111,111,110,110,110,109,108,106,106,106,105,104,104,103,101,101,101,101,101,100,99,98,98,98,97,96,96,95,94,94,94,93,93,93,93,91,91,90,89,89,89,88,87,87,87,81,80,80,78,77,77,77,77,75,75,75,75,75,75,75,75,73,73,73,73,73,69,66,66,61,59,59,57,54,51,51,46,45,45,45,45,44,44,39,36,35,35,35,35,35,32,32,32,32,31,28,27,26,25,25,24,24,18,16,16,12,12,10,10,10,10,10,10,10,10,10,10,10,10,9,9,7,7,7,7,7,7,7,6,5,5,3,2,2,2,2,2,2,2,1,1,1,1,0,0,0,0,0,0,0,0,0,0,0,0,0,0,0,0,0,0,0,0,0,0,0
Пензенская область,246,243,240,239,236,233,231,230,228,226,224,223,223,222,221,219,218,216,215,212,209,206,203,203,200,198,196,195,192,191,187,185,183,180,178,175,174,170,168,165,162,159,156,154,151,148,145,143,142,141,140,139,139,139,138,137,137,137,137,137,137,136,134,132,130,128,128,128,126,125,124,123,122,122,122,121,120,119,118,117,117,117,116,115,114,113,112,112,112,111,110,109,108,107,107,107,106,105,104,103,102,102,102,101,100,99,98,97,96,95,94,93,92,91,90,89,88,87,86,85,84,83,82,81,81,81,81,81,80,79,78,77,76,75,74,73,72,71,70,69,68,67,66,65,63,60,56,54,52,50,48,46,44,43,42,41,40,38,38,38,37,36,35,34,34,34,34,33,31,31,31,31,30,28,28,28,28,26,26,26,26,24,22,20,19,19,19,17,17,17,15,15,13,13,13,13,12,12,11,11,10,10,10,10,10,10,8,8,8,8,8,8,8,7,7,7,7,7,7,6,6,6,5,5,5,5,5,5,2,2,2,2,1,1,1,1,1,1,1,1,1,1,1,1,1,1,1,0,0,0,0,0
Пермский край,659,644,630,616,598,585,573,562,551,541,531,519,508,498,492,484,477,468,464,458,453,447,443,437,433,429,424,421,417,414,409,406,402,396,392,387,384,380,375,371,367,362,359,355,350,346,342,337,333,328,325,321,317,314,309,305,301,297,292,290,288,285,282,279,277,274,272,269,264,261,258,255,253,250,248,246,244,242,240,238,236,234,232,230,227,224,221,221,220,217,215,215,215,215,213,211,209,206,203,202,199,198,197,196,194,192,190,188,186,184,182,182,179,177,175,175,175,175,173,169,167,166,166,166,166,150,150,141,139,137,137,131,123,113,109,108,107,107,103,100,97,97,96,96,95,91,91,91,86,85,80,80,80,78,78,78,78,78,78,78,76,72,66,66,66,63,62,54,51,49,39,38,38,38,32,30,28,28,28,28,27,26,22,22,20,20,20,20,19,19,16,14,14,14,13,13,13,13,13,13,13,13,12,12,12,11,11,11,10,10,9,9,9,9,9,7,7,5,4,4,4,4,4,4,3,3,3,3,3,3,3,3,3,3,3,3,3,3,2,2,2,2,2,2,1,0,0,0,0,0,0,0
Приморский край,242,238,234,231,230,228,226,222,218,213,210,207,203,203,200,197,194,193,193,190,185,181,177,175,173,171,169,167,163,161,159,156,154,152,149,147,146,145,143,142,141,140,138,138,134,131,129,126,125,124,124,122,122,122,122,122,120,120,120,119,119,119,119,118,118,118,118,116,116,115,115,115,115,113,113,112,112,111,110,109,109,109,109,109,109,108,107,107,107,107,105,105,104,103,103,103,101,101,101,101,100,100,99,99,99,99,99,98,97,96,96,96,95,94,92,90,90,90,88,87,87,87,84,82,81,79,77,74,70,70,68,67,67,66,65,63,63,62,61,60,60,59,59,59,58,57,56,55,54,52,51,50,49,48,46,44,42,41,41,41,40,39,37,36,33,33,32,30,29,28,26,26,26,26,25,25,24,23,23,22,22,21,19,19,19,19,19,18,17,17,17,15,15,15,14,14,14,14,14,12,12,12,12,12,12,10,10,10,10,10,8,7,4,4,4,4,3,3,3,3,3,2,2,2,2,2,2,2,2,2,2,2,2,2,2,2,2,2,2,2,1,1,1,0,0,0,0,0,0,0,0,0
Псковская область,74,73,73,72,72,72,72,72,72,72,72,72,72,72,72,72,72,72,72,72,70,70,70,70,70,70,70,70,70,70,70,70,70,70,70,69,68,68,68,68,68,68,68,67,67,67,67,67,67,67,67,67,67,67,67,66,66,66,66,66,66,65,65,65,65,65,65,65,65,65,65,65,65,65,65,65,65,65,65,65,65,65,65,65,65,65,65,65,65,65,65,65,65,65,65,62,62,62,61,61,61,61,61,61,60,60,60,59,59,59,59,58,58,58,57,57,57,55,55,55,55,54,54,54,54,53,53,52,52,51,51,49,48,46,46,45,45,43,42,41,39,38,36,36,34,34,33,31,31,28,26,26,25,23,23,22,21,21,21,19,19,19,19,19,19,19,19,19,19,19,19,19,19,16,12,12,12,12,12,12,11,10,10,10,10,10,10,10,10,10,10,10,9,9,9,9,9,9,9,9,9,8,8,8,8,8,8,8,8,8,8,8,8,8,8,8,8,8,8,8,7,6,6,6,6,6,6,6,6,4,4,4,2,2,2,2,2,2,2,2,2,2,2,2,2,2,1,1,0,0,0,0
Республика Адыгея,67,65,65,65,63,63,63,62,62,61,61,60,60,60,59,58,58,58,58,58,58,58,56,56,54,54,54,53,53,53,51,51,51,49,49,48,48,48,45,45,43,43,41,41,41,41,41,39,39,38,38,38,38,38,36,36,36,35,35,35,35,33,33,33,33,31,31,31,31,31,31,31,31,31,31,31,30,30,30,30,30,30,30,30,30,30,30,29,29,28,27,27,27,27,27,27,27,26,26,26,25,25,25,25,24,24,24,23,23,23,22,22,22,21,21,21,21,21,21,21,21,20,20,20,20,20,20,20,20,20,18,18,18,17,16,16,16,16,16,16,14,14,14,14,14,14,14,14,14,14,14,14,14,14,14,14,12,12,12,12,12,12,12,12,12,12,12,12,12,12,12,12,12,12,12,12,10,10,10,10,9,9,9,9,9,9,9,9,9,9,9,9,9,9,8,8,8,8,8,8,8,8,8,8,7,7,7,7,7,7,7,7,6,6,5,3,3,3,3,3,3,3,3,3,3,2,2,2,2,2,1,0,0,0,0,0,0,0,0,0,0,0,0,0,0,0,0,0,0,0,0,0
Республика Алтай,28,22,22,22,22,22,22,22,22,22,22,22,22,22,20,20,20,20,20,20,20,20,20,20,20,20,20,20,20,20,20,20,20,20,12,12,12,12,12,12,12,12,12,12,12,12,12,12,12,12,12,12,12,12,12,12,12,12,12,12,12,12,12,12,12,12,12,12,12,12,12,12,12,12,12,12,12,12,12,11,11,11,10,8,8,8,8,8,8,8,8,8,8,8,8,8,8,8,8,8,8,7,7,7,7,7,7,7,7,7,7,7,7,7,7,7,7,7,7,7,7,7,7,7,5,3,2,1,1,1,1,1,1,1,1,1,1,1,1,1,1,1,1,1,1,1,1,1,1,1,1,1,1,1,1,0,0,0,0,0,0,0,0,0,0,0,0,0,0,0,0,0,0,0,0,0,0,0,0,0,0,0,0,0,0,0,0,0,0,0,0,0,0,0,0,0,0,0,0,0,0,0,0,0,0,0,0,0,0,0,0,0,0,0,0,0,0,0,0,0,0,0,0,0,0,0,0,0,0,0,0,0,0,0,0,0,0,0,0,0,0,0,0,0,0,0,0,0,0,0,0,0
Республика Башкортостан,84,83,82,81,80,79,79,76,76,75,74,73,73,71,69,69,68,67,66,65,64,64,61,61,60,59,58,57,56,56,55,54,53,52,51,51,50,50,50,49,48,48,48,47,47,47,47,47,47,46,46,46,45,44,43,43,42,42,42,42,41,41,41,41,41,39,37,36,36,36,36,36,33,33,33,31,31,31,31,31,31,30,30,30,29,29,29,29,29,29,29,29,29,29,29,29,28,28,28,28,28,27,27,27,27,27,26,26,26,26,26,25,25,25,25,25,25,24,24,23,23,23,23,22,22,22,21,21,21,21,21,21,21,21,21,21,20,20,20,19,19,19,19,19,19,19,19,19,19,19,19,19,18,18,18,18,18,18,18,18,18,18,18,18,18,18,18,18,18,18,18,18,18,18,18,18,18,18,18,18,18,18,18,18,18,18,18,18,18,18,18,18,18,18,18,18,18,17,17,17,17,16,16,16,16,15,15,15,14,14,14,14,14,14,14,14,14,14,14,14,14,14,14,14,14,14,14,10,8,8,5,5,3,1,1,0,0,0,0,0,0,0,0,0,0,0,0,0,0,0,0,0
Республика Бурятия,446,440,433,424,416,407,397,386,374,362,349,339,327,316,306,295,283,273,264,256,247,237,228,218,211,200,190,179,169,162,152,142,133,124,116,108,108,106,103,103,103,103,101,101,93,92,92,92,92,92,89,82,81,81,81,77,77,75,75,72,72,71,71,71,68,68,68,68,65,65,65,65,63,63,62,62,62,62,61,61,61,60,60,60,60,55,55,55,55,55,54,53,50,47,47,46,46,46,46,46,45,44,43,43,43,42,42,42,42,42,42,42,42,42,42,42,42,42,42,42,40,40,40,40,40,39,39,39,37,37,37,37,36,36,35,32,32,32,32,29,27,26,25,25,25,24,24,22,22,22,21,21,21,19,19,19,19,18,17,17,17,16,16,16,16,14,12,12,11,11,11,11,11,11,11,11,11,11,11,11,10,10,10,10,10,10,10,10,8,8,7,7,7,6,6,6,6,6,6,6,6,6,5,5,5,5,5,5,4,4,4,4,4,4,4,4,3,2,2,2,2,2,2,2,2,2,2,2,2,2,2,2,1,1,1,1,1,1,1,1,0,0,0,0,0,0,0,0,0,0,0,0
Республика Дагестан,968,958,948,943,937,927,918,910,901,892,888,882,874,866,857,850,848,847,845,838,832,826,816,809,807,802,799,791,790,785,784,781,779,777,772,770,765,763,762,753,744,735,730,724,714,712,712,709,705,696,690,684,681,678,672,666,663,656,647,642,640,638,629,621,612,604,597,589,580,571,564,557,552,547,543,538,533,529,528,524,523,521,517,515,514,512,510,507,507,506,505,502,499,497,495,495,494,489,487,485,485,483,482,478,477,474,470,470,469,469,467,464,461,458,455,454,453,451,449,447,446,445,445,445,445,445,444,442,442,439,436,433,431,430,428,427,426,424,422,419,419,417,415,413,410,407,404,400,397,393,391,389,386,383,380,374,373,371,369,367,364,360,357,351,348,344,341,338,335,328,319,316,313,309,309,309,309,308,303,298,288,287,287,271,260,235,226,201,151,130,118,97,84,70,65,41,36,32,29,29,27,27,26,26,23,20,18,18,17,16,15,14,13,13,12,12,12,12,11,11,11,11,11,11,11,11,9,9,9,9,6,3,0,0,0,0,0,0,0,0,0,0,0,0,0,0,0,0,0,0,0,0
Республика Ингушетия,114,113,112,111,110,109,108,107,107,106,105,105,104,104,104,104,104,104,103,101,99,99,98,98,98,98,98,98,97,97,97,96,96,95,95,94,94,94,94,94,93,89,89,89,86,86,86,86,86,86,86,86,86,86,86,85,84,84,84,83,83,83,83,83,83,83,83,83,82,82,82,80,79,79,78,78,78,78,77,77,77,77,77,77,77,77,77,77,76,76,76,76,76,76,76,76,76,76,76,76,76,76,76,76,76,75,75,75,75,75,75,75,75,75,74,74,74,74,74,74,74,74,74,73,73,73,73,73,73,73,73,73,72,72,71,71,71,71,71,71,71,71,71,71,71,71,71,71,70,69,69,69,69,69,68,68,68,67,67,67,67,67,67,64,64,64,64,64,64,63,62,62,62,62,62,62,62,61,61,61,61,60,58,52,50,50,50,50,50,47,42,41,38,38,38,36,35,35,35,35,35,35,33,32,29,29,29,28,28,28,27,26,26,25,23,22,20,19,18,17,13,13,13,13,12,9,5,5,4,2,2,1,1,1,1,0,0,0,0,0,0,0,0,0,0,0,0,0,0,0,0,0
Республика Калмыкия,148,144,140,140,140,140,135,131,131,128,128,126,122,122,122,120,118,115,115,115,115,113,111,111,111,111,110,106,103,103,103,103,103,103,103,101,99,96,93,90,90,90,90,86,86,86,86,85,83,79,79,79,79,79,77,77,77,77,75,75,75,75,73,71,71,71,71,71,69,69,69,67,65,65,65,65,65,65,65,65,65,65,65,62,61,59,56,56,56,56,56,56,56,56,56,56,55,52,50,48,48,48,48,48,48,46,43,42,42,42,42,42,42,42,42,42,42,42,41,40,40,38,38,38,38,38,37,37,37,37,37,36,34,34,34,34,34,33,30,27,27,27,27,27,27,27,26,26,26,26,25,25,24,23,23,23,23,22,22,21,21,21,18,18,18,18,18,18,18,18,18,18,18,18,16,16,16,16,16,16,16,16,16,15,15,15,14,14,12,12,12,11,11,11,11,10,10,8,8,8,8,6,6,6,6,6,6,5,5,5,5,5,5,5,4,3,3,3,3,3,3,3,3,3,3,3,3,3,3,3,2,2,0,0,0,0,0,0,0,0,0,0,0,0,0,0,0,0,0,0,0,0
Республика Карелия,106,104,102,100,99,96,94,92,89,87,87,83,80,78,75,73,70,70,67,66,66,63,63,61,59,57,55,53,52,50,50,47,47,47,44,43,42,42,42,42,42,42,38,38,38,38,38,38,38,38,38,38,38,38,38,38,38,38,38,38,38,36,32,27,22,17,17,17,17,17,16,16,16,16,16,16,16,16,16,16,16,16,16,16,16,16,16,16,16,16,16,16,16,16,16,16,16,16,15,15,15,15,15,15,15,15,14,14,14,14,14,14,13,13,13,13,13,12,12,12,12,12,12,12,12,12,11,4,4,4,4,4,3,3,3,3,3,3,3,3,3,3,3,3,3,3,3,3,3,3,3,3,3,3,3,3,3,2,2,2,2,2,2,2,2,2,2,2,2,2,2,2,2,2,2,2,2,2,2,2,2,2,2,1,1,1,1,1,1,1,1,1,1,1,1,1,1,1,1,1,1,1,1,1,0,0,0,0,0,0,0,0,0,0,0,0,0,0,0,0,0,0,0,0,0,0,0,0,0,0,0,0,0,0,0,0,0,0,0,0,0,0,0,0,0,0,0,0,0,0,0,0
Республика Коми,370,366,349,348,348,339,337,327,316,306,306,306,300,298,292,289,277,277,277,277,266,257,254,247,247,245,244,232,231,231,223,223,221,218,214,214,212,202,200,200,193,188,179,173,166,162,157,150,146,139,136,136,136,136,131,129,126,121,120,120,120,118,114,112,112,108,108,108,106,105,104,101,97,97,97,96,93,92,91,91,91,91,90,89,88,86,85,85,85,85,85,85,85,85,85,85,84,83,83,79,79,79,78,77,76,76,76,76,76,76,73,73,71,71,69,69,66,64,64,61,59,58,58,58,57,50,48,45,41,41,41,40,40,40,40,40,40,40,40,39,39,38,36,36,35,35,35,35,35,35,35,35,34,33,33,30,30,30,30,29,29,29,29,29,28,28,28,28,28,28,28,28,28,28,28,27,27,26,26,26,25,25,25,24,24,24,23,23,22,21,20,19,19,19,19,19,18,18,17,17,17,16,16,16,15,15,14,14,11,11,7,7,7,5,5,5,5,5,5,5,5,4,4,4,4,3,3,3,3,3,3,3,3,3,3,3,3,3,3,3,3,2,2,2,0,0,0,0,0,0,0,0
Республика Крым,297,291,284,281,275,269,262,256,250,246,242,237,232,226,220,216,210,206,204,197,190,184,183,168,166,164,157,152,149,146,140,140,135,129,127,122,122,119,119,118,117,115,113,111,110,107,105,98,97,94,91,89,87,85,84,82,77,72,71,69,69,67,67,65,62,59,59,59,58,56,54,51,47,47,47,46,44,43,42,42,41,38,36,36,35,34,34,33,33,32,31,31,31,30,30,30,30,28,27,27,27,27,27,26,26,24,23,21,20,20,19,19,18,17,17,17,16,16,16,15,15,15,15,15,15,15,15,15,14,14,14,14,13,13,13,13,13,13,12,12,12,12,12,12,12,12,12,12,11,11,11,11,11,11,11,10,10,9,8,8,8,7,7,7,7,7,7,7,7,7,7,7,7,7,7,5,5,5,5,5,5,5,4,3,3,3,3,3,3,3,3,3,3,3,3,2,2,2,2,2,2,2,2,2,2,2,2,2,1,1,0,0,0,0,0,0,0,0,0,0,0,0,0,0,0,0,0,0,0,0,0,0,0,0,0,0,0,0,0,0,0,0,0,0,0,0,0,0,0,0,0,0
Республика Марий Эл,94,93,92,92,91,90,88,87,85,84,84,83,82,81,80,79,76,76,75,74,73,72,69,67,67,67,67,66,66,65,64,64,64,64,63,63,63,63,63,63,62,61,61,59,59,59,59,59,57,57,56,56,56,55,55,55,52,51,51,51,51,50,50,50,50,49,49,49,49,49,49,48,47,47,47,46,46,46,46,45,45,45,44,44,44,43,41,41,41,41,41,39,39,39,39,39,39,39,38,37,37,37,37,36,36,36,36,36,36,36,36,36,36,36,36,36,36,36,35,35,35,34,34,34,34,33,33,31,31,31,31,31,31,31,31,31,31,31,31,31,30,29,26,26,26,26,24,24,24,24,24,24,23,23,23,23,23,23,22,22,21,21,20,20,20,20,19,19,19,19,19,18,18,17,16,16,16,16,15,15,14,13,13,13,13,13,13,11,10,10,10,10,9,8,8,8,8,8,7,7,7,7,7,7,6,5,5,5,4,4,4,4,4,4,3,3,2,2,3,3,3,1,1,1,1,1,1,1,1,1,1,1,1,1,1,1,1,0,0,0,0,0,0,0,0,0,0,0,0,0,0,0
Республика Мордовия,64,64,64,63,62,62,61,60,60,59,59,58,58,58,57,56,56,56,55,55,55,54,54,53,53,53,53,52,52,52,51,51,51,51,50,50,50,50,50,49,48,48,47,47,47,47,46,45,45,45,44,44,44,44,43,43,42,42,42,42,42,41,41,41,41,41,41,40,40,40,40,40,40,40,40,40,39,39,39,39,39,39,39,38,38,38,38,38,38,38,38,38,38,38,38,38,38,38,38,38,38,38,38,38,38,38,38,38,38,38,38,38,38,38,38,38,38,38,38,38,38,38,38,38,34,34,34,34,33,33,33,32,32,32,32,32,32,32,30,30,29,29,29,29,28,28,28,27,27,27,27,27,27,27,27,26,26,26,26,25,24,24,24,23,23,23,23,22,22,22,21,21,20,20,20,18,18,18,18,18,15,14,14,13,12,12,12,12,12,12,12,12,12,12,11,9,9,9,9,9,9,9,9,9,8,8,8,8,8,6,5,5,4,3,3,3,3,3,2,2,2,2,2,1,1,1,1,1,1,1,1,0,0,0,0,0,0,0,0,0,0,0,0,0,0,0,0,0,0,0,0,0
Республика Саха (Якутия),309,298,292,289,286,283,276,270,261,252,242,238,232,226,221,217,211,206,201,196,190,185,180,179,177,175,170,161,156,151,144,134,134,131,123,118,113,106,106,106,106,106,106,106,106,106,106,106,106,106,106,105,105,105,105,105,103,99,97,97,97,97,96,95,95,95,95,95,95,95,95,93,93,93,93,90,90,90,90,90,90,90,90,90,90,90,90,90,90,90,89,83,83,83,81,81,81,79,79,79,74,74,74,69,69,69,68,66,66,66,66,66,66,64,63,63,63,62,61,60,60,59,59,58,58,57,54,50,50,50,48,47,44,40,40,40,40,39,39,38,37,35,35,35,35,35,34,34,34,32,32,32,32,32,32,30,29,28,28,27,25,24,24,24,23,23,23,23,23,23,23,20,20,20,20,19,15,15,15,15,14,11,9,8,8,8,8,8,7,7,7,7,7,6,6,6,5,4,4,4,4,4,4,4,4,4,4,4,4,4,4,4,4,4,3,3,3,2,1,1,0,0,0,0,0,0,0,0,0,0,0,0,0,0,0,0,0,0,0,0,0,0,0,0,0,0,0,0,0,0,0,0
Республика Северная Осетия — Алания,76,76,76,76,76,76,76,76,76,73,73,73,73,73,72,72,72,72,72,72,72,72,72,72,71,71,70,70,70,70,70,70,70,70,70,70,70,70,70,70,70,70,70,70,70,70,70,70,70,70,70,70,70,70,70,70,70,70,70,70,70,70,70,70,70,69,69,69,68,68,68,68,68,68,68,68,68,68,68,68,68,68,68,68,67,67,67,67,67,67,67,67,67,67,67,67,67,67,67,67,67,67,67,67,67,67,67,67,67,67,67,67,67,67,67,67,67,67,67,67,67,67,67,67,67,67,67,67,67,67,67,67,67,67,67,67,67,67,67,67,67,67,67,67,67,67,67,67,67,67,67,67,67,67,67,67,67,67,67,67,66,66,66,66,66,66,66,66,66,66,66,66,66,58,58,57,57,57,57,57,57,57,57,56,50,46,46,43,37,32,32,27,27,23,22,22,18,15,15,15,15,13,13,13,12,10,10,10,10,9,7,7,6,6,4,4,3,2,2,2,2,2,2,2,2,2,2,2,2,2,2,2,2,2,1,1,1,1,1,0,0,0,0,0,0,0,0,0,0,0,0,0
Республика Татарстан,138,136,136,134,134,132,132,132,132,131,128,128,126,124,123,123,121,121,121,119,117,116,114,114,114,114,114,112,112,112,109,109,109,107,106,105,105,105,104,104,104,104,104,104,103,100,94,87,82,75,70,64,61,59,57,55,55,51,51,51,51,50,50,48,48,48,48,48,47,47,46,46,46,46,45,45,44,44,41,38,38,37,36,36,35,35,35,35,35,35,35,34,34,34,34,34,33,32,32,32,32,32,32,31,31,31,29,29,29,29,28,28,28,27,27,27,27,27,27,25,24,23,22,22,22,22,22,22,22,21,21,21,21,21,21,19,19,19,18,17,16,16,15,15,15,15,15,14,14,13,13,13,13,12,12,11,11,11,11,11,11,11,11,11,11,11,11,10,10,10,10,10,10,10,10,10,10,10,10,10,10,10,10,10,10,10,10,10,10,9,9,9,9,9,8,8,8,8,7,7,7,6,6,6,6,5,5,5,4,4,3,3,3,2,2,1,1,1,0,0,0,0,0,0,0,0,0,0,0,0,0,0,0,0,0,0,0,0,0,0,0,0,0,0,0,0,0,0,0,0,0,0
Республика Тыва,138,138,138,138,138,133,133,133,132,132,132,132,132,125,125,122,122,121,121,121,121,120,119,119,119,119,119,118,118,118,118,118,118,118,112,112,112,112,112,112,111,111,108,103,96,96,96,88,86,85,85,85,85,85,85,85,84,84,84,84,84,84,84,84,84,84,84,84,84,84,83,79,71,71,71,71,67,67,67,67,67,67,67,67,67,65,65,65,65,65,65,65,65,65,65,60,60,60,60,60,60,60,60,60,60,60,60,60,60,60,60,60,60,60,60,60,60,60,60,60,59,58,57,57,57,55,55,50,49,47,47,46,46,46,45,45,45,45,45,45,42,40,32,32,32,31,25,25,19,13,4,4,3,3,3,3,3,3,3,3,3,3,3,3,3,3,3,3,3,2,2,2,2,2,2,2,2,2,2,2,2,2,2,2,2,2,2,2,2,1,1,1,1,1,1,1,1,1,1,1,1,1,1,1,0,0,0,0,0,0,0,0,0,0,0,0,0,0,0,0,0,0,0,0,0,0,0,0,0,0,0,0,0,0,0,0,0,0,0,0,0,0,0,0,0,0,0,0,0,0,0,0
Республика Хакасия,135,135,135,135,127,120,114,109,103,103,101,101,100,100,100,100,96,95,95,92,88,88,88,87,84,83,80,77,73,72,72,65,65,65,62,57,57,57,57,57,57,57,57,57,57,57,57,54,54,51,48,48,48,48,48,48,48,48,48,48,48,48,48,48,48,48,48,48,48,48,48,48,47,47,47,47,47,47,47,47,47,47,47,47,47,47,47,47,47,45,45,45,43,42,42,42,42,41,39,39,39,39,39,39,39,38,37,37,37,37,37,37,37,35,35,35,35,33,33,32,32,32,32,32,32,32,31,31,30,30,30,30,29,28,27,26,25,25,25,23,19,19,19,19,19,19,19,19,18,18,17,17,17,15,15,15,15,15,15,15,15,15,15,13,13,13,13,12,12,10,10,10,10,10,10,10,10,10,10,10,10,10,10,10,10,10,10,10,10,10,10,10,10,10,10,10,10,10,10,10,10,9,9,9,8,8,8,8,8,8,8,8,7,7,7,7,7,7,7,2,2,2,1,0,0,0,0,0,0,0,0,0,0,0,0,0,0,0,0,0,0,0,0,0,0,0,0,0,0,0,0,0
Республика Чувашия,290,284,278,272,268,265,259,250,240,234,234,228,221,211,211,203,203,197,186,186,181,178,176,170,170,167,164,161,158,155,152,149,145,142,139,136,135,133,130,126,124,122,119,116,113,113,113,111,109,109,106,105,105,105,102,100,100,98,97,97,97,97,93,93,93,93,93,93,92,89,89,89,85,85,85,85,83,83,81,81,79,77,76,76,75,74,73,73,73,72,71,71,70,70,70,70,70,68,68,68,68,68,68,68,68,68,68,68,68,68,66,66,65,64,64,64,62,62,62,62,58,56,56,54,54,51,51,51,51,51,51,51,50,50,50,49,49,48,48,48,47,47,46,46,46,43,43,43,43,40,40,37,34,33,32,31,31,30,28,28,25,25,24,24,23,23,21,21,21,18,18,18,18,18,18,18,18,16,16,16,15,15,14,14,14,14,14,12,12,12,11,11,10,9,9,9,8,8,8,8,8,8,8,8,8,8,8,8,8,8,8,8,8,8,8,8,8,8,8,8,8,7,5,5,5,5,2,1,1,1,1,0,0,0,0,0,0,0,0,0,0,0,0,0,0,0,0,0,0,0,0,0
Ростовская область,1377,1351,1326,1311,1296,1273,1252,1236,1221,1203,1184,1171,1151,1131,1113,1094,1076,1063,1049,1031,1013,994,976,957,946,929,911,894,884,869,855,844,833,820,805,789,772,756,745,734,719,704,690,677,664,653,644,633,626,614,605,596,587,578,568,559,559,551,541,532,523,514,504,495,486,486,486,477,468,468,460,451,445,441,436,430,423,416,410,403,400,397,393,389,383,378,373,373,373,369,363,359,354,351,348,344,338,332,326,318,312,308,306,301,301,298,293,288,287,284,278,274,271,268,261,261,261,255,249,245,240,236,233,230,225,219,215,210,205,203,203,201,197,192,187,183,183,183,178,173,172,167,164,163,161,156,152,149,146,141,139,137,134,130,127,125,120,117,115,105,100,97,94,90,90,85,80,76,72,71,67,67,65,64,59,54,51,48,47,46,43,43,40,40,38,38,38,36,35,34,34,34,34,34,34,33,33,31,31,31,28,25,25,25,24,22,21,19,16,12,12,11,10,9,9,9,6,3,2,2,1,0,0,0,0,0,0,0,0,0,0,0,0,0,0,0,0,0,0,0,0,0,0,0,0,0,0,0,0,0,0,0
Рязанская область,92,90,89,89,89,87,85,84,82,81,81,80,78,77,75,73,73,73,71,71,70,69,67,67,67,67,66,65,65,63,63,63,63,63,62,62,60,59,59,59,58,58,58,56,56,56,56,55,54,54,54,54,54,54,53,53,52,52,52,52,52,51,51,50,50,50,50,50,49,49,49,49,47,47,47,47,47,47,47,47,47,47,47,47,47,46,46,46,46,46,45,44,44,44,44,44,43,43,42,42,41,41,41,40,39,39,38,38,38,37,37,36,34,34,34,34,34,32,32,31,30,30,30,30,30,29,28,28,27,27,27,27,26,26,24,24,24,23,23,22,22,22,22,21,21,21,21,21,21,21,20,20,19,19,19,19,19,19,18,18,17,17,17,17,17,16,15,14,14,12,12,12,12,11,11,10,10,10,10,10,10,10,9,9,7,7,7,7,7,7,7,7,7,7,7,7,7,7,7,7,7,7,7,7,7,5,5,5,5,5,5,5,5,5,5,5,3,3,3,3,0,0,0,0,0,0,0,0,0,0,0,0,0,0,0,0,0,0,0,0,0,0,0,0,0,0,0,0,0,0,0,0
Самарская область,432,428,417,412,408,404,400,396,389,384,383,379,373,369,368,364,359,355,351,348,343,336,332,326,324,320,310,304,296,285,278,278,278,273,267,259,255,250,250,250,246,242,238,235,231,227,223,219,216,213,209,209,207,207,207,207,206,206,203,203,203,199,194,191,188,188,185,184,178,178,177,175,173,172,172,163,159,145,144,144,144,142,142,138,138,137,135,135,135,134,133,133,129,125,125,124,124,124,123,123,123,123,122,122,122,121,117,117,117,117,115,113,111,110,107,107,105,104,103,102,97,94,91,90,89,87,85,81,81,80,79,78,78,77,76,74,73,73,73,73,70,66,64,64,63,61,59,59,58,58,58,58,58,56,56,56,53,53,53,53,53,53,53,53,53,53,53,53,51,50,49,46,43,40,37,34,32,29,27,25,23,23,23,22,20,20,20,20,18,17,17,16,16,15,14,13,11,11,10,9,9,9,9,9,9,9,9,9,8,8,6,6,5,5,5,5,5,5,5,2,2,0,0,0,0,0,0,0,0,0,0,0,0,0,0,0,0,0,0,0,0,0,0,0,0,0,0,0,0,0,0,0
Санкт-Петербург,5599,5517,5432,5412,5350,5280,5217,5138,5053,4973,4953,4896,4826,4763,4691,4620,4551,4551,4510,4446,4385,4317,4243,4181,4162,4131,4078,4024,3998,3932,3873,3872,3843,3801,3765,3731,3674,3627,3627,3602,3565,3533,3509,3460,3422,3422,3407,3376,3351,3305,3275,3241,3241,3220,3184,3162,3137,3107,3073,3059,3034,3004,2972,2950,2924,2894,2894,2885,2858,2839,2817,2802,2777,2777,2762,2744,2725,2701,2676,2650,2650,2630,2607,2590,2574,2552,2532,2532,2522,2503,2483,2461,2440,2421,2421,2416,2401,2392,2375,2357,2342,2342,2332,2314,2308,2293,2276,2257,2255,2245,2225,2203,2188,2176,2156,2149,2146,2136,2118,2102,2084,2062,2056,2052,2043,2023,2001,1978,1955,1945,1936,1908,1881,1862,1834,1807,1781,1755,1728,1698,1676,1657,1626,1603,1583,1541,1520,1484,1437,1389,1345,1303,1272,1227,1182,1136,1105,1086,1065,1008,961,942,904,869,840,814,793,756,727,689,635,597,569,561,520,482,433,392,377,346,291,264,240,223,213,204,191,178,167,158,150,138,133,113,107,104,99,95,90,85,80,74,69,63,58,56,53,53,48,44,40,37,37,34,33,33,29,29,27,27,27,23,20,17,14,11,8,8,8,7,7,5,4,4,4,4,4,4,2,2,2,2,2,2,2,2,2,1,1,0,0,0
Саратовская область,250,244,238,233,228,221,217,212,208,205,205,205,202,197,195,194,191,185,185,183,178,175,174,173,172,168,165,165,163,161,158,156,154,154,154,152,150,149,149,148,147,145,143,140,138,136,134,132,129,128,126,124,122,121,120,118,116,115,112,111,109,107,105,103,100,98,98,98,97,95,95,93,93,93,93,91,89,88,87,85,85,85,85,84,82,82,82,80,80,79,77,76,76,75,73,71,71,69,69,69,68,68,68,68,67,67,67,66,66,66,65,64,64,63,63,63,63,62,62,61,61,60,60,59,59,58,57,56,55,55,55,55,54,54,53,51,51,51,50,49,48,47,47,47,47,47,47,47,46,45,45,45,45,44,44,43,43,43,42,42,42,42,42,41,41,41,40,40,39,39,38,38,38,37,37,37,37,37,36,36,35,35,34,34,34,34,34,34,32,30,25,22,20,18,16,15,12,11,8,8,7,7,6,6,5,5,4,4,4,4,3,3,3,3,3,2,2,2,2,2,2,2,0,0,0,0,0,0,0,0,0,0,0,0,0,0,0,0,0,0,0,0,0,0,0,0,0,0,0,0,0,0
Сахалинская область,7,7,6,6,6,6,6,6,6,5,5,5,5,5,5,5,4,4,4,4,4,4,4,4,4,4,4,3,3,2,2,2,2,1,1,1,1,1,1,1,1,1,1,1,0,0,0,0,0,0,0,0,0,0,0,0,0,0,0,0,0,0,0,0,0,0,0,0,0,0,0,0,0,0,0,0,0,0,0,0,0,0,0,0,0,0,0,0,0,0,0,0,0,0,0,0,0,0,0,0,0,0,0,0,0,0,0,0,0,0,0,0,0,0,0,0,0,0,0,0,0,0,0,0,0,0,0,0,0,0,0,0,0,0,0,0,0,0,0,0,0,0,0,0,0,0,0,0,0,0,0,0,0,0,0,0,0,0,0,0,0,0,0,0,0,0,0,0,0,0,0,0,0,0,0,0,0,0,0,0,0,0,0,0,0,0,0,0,0,0,0,0,0,0,0,0,0,0,0,0,0,0,0,0,0,0,0,0,0,0,0,0,0,0,0,0,0,0,0,0,0,0,0,0,0,0,0,0,0,0,0,0,0,0,0,0,0,0,0,0,0,0,0,0,0,0,0,0,0,0,0,0
Свердловская область,1047,1037,1027,1018,1007,997,988,980,970,961,951,943,933,926,917,907,899,889,882,874,865,856,847,839,831,823,815,807,800,792,784,777,772,766,759,752,748,743,739,736,733,728,718,708,699,692,685,678,672,665,661,655,651,646,640,633,627,622,615,612,611,607,605,601,597,592,592,592,589,587,580,575,568,568,567,559,549,537,533,524,522,522,512,509,495,483,479,477,475,470,466,460,454,450,448,448,441,435,432,420,409,403,403,396,388,382,376,374,369,367,362,358,351,342,337,327,322,315,307,300,294,285,281,276,270,264,251,243,240,236,231,220,213,210,205,195,193,193,188,179,175,172,163,157,156,154,144,141,138,131,124,119,114,107,101,95,93,91,90,85,82,79,75,71,70,69,64,60,57,54,50,50,50,48,48,48,46,43,41,39,37,35,33,31,29,27,26,25,23,21,20,18,16,14,12,10,8,7,6,6,6,5,4,3,3,3,3,3,3,3,3,1,1,1,1,1,1,1,1,1,1,1,1,1,1,1,1,1,1,0,0,0,0,0,0,0,0,0,0,0,0,0,0,0,0,0,0,0,0,0,0,0
Севастополь,126,123,120,119,117,114,112,109,106,102,99,99,99,99,99,96,95,95,94,90,87,83,79,79,79,77,76,72,72,71,69,69,68,65,63,61,58,58,56,56,55,55,53,51,51,48,47,45,44,42,41,39,39,38,36,35,33,32,29,29,29,29,28,27,27,27,26,26,25,25,25,23,22,22,22,21,21,21,20,20,20,20,20,20,20,20,19,19,19,19,18,18,18,18,18,18,18,18,18,17,15,15,15,15,15,14,13,12,12,12,12,12,11,11,11,11,11,11,11,10,9,9,9,9,9,9,8,6,6,6,6,6,6,6,6,6,6,6,5,5,5,5,5,5,5,5,5,5,5,5,5,5,4,4,4,4,4,4,3,3,3,3,3,3,3,3,3,3,3,3,3,3,3,3,3,3,3,3,3,3,3,3,3,3,3,3,3,3,3,3,3,3,2,2,2,2,2,2,2,2,2,2,2,2,2,2,2,2,2,2,2,2,2,2,1,0,0,0,0,0,0,0,0,0,0,0,0,0,0,0,0,0,0,0,0,0,0,0,0,0,0,0,0,0,0,0,0,0,0,0,0,0
Смоленская область,283,283,281,279,278,277,276,275,273,271,269,267,265,262,259,257,255,254,253,251,250,248,245,244,243,243,242,240,240,238,238,237,236,233,230,225,221,218,218,218,216,208,199,194,186,180,173,165,162,159,157,154,154,152,151,149,147,146,144,144,144,142,140,139,138,138,138,138,138,138,138,138,138,137,137,137,137,137,136,135,135,135,134,134,133,133,132,131,131,130,130,129,128,127,127,127,127,126,125,124,123,123,123,123,122,121,121,120,119,118,116,115,114,112,110,109,108,106,106,105,104,102,101,101,101,97,94,94,93,93,93,92,91,89,88,87,87,86,84,83,81,79,78,76,75,75,74,72,71,70,68,67,66,66,65,65,65,64,63,62,61,61,61,59,59,59,58,57,56,52,51,49,49,47,44,44,44,43,42,41,41,41,41,41,39,36,34,30,29,25,21,16,15,13,13,13,12,11,11,11,11,10,10,9,9,7,7,7,5,5,5,5,4,3,3,3,3,3,3,2,2,2,2,2,2,2,2,2,2,2,1,1,1,1,1,0,0,0,0,0,0,0,0,0,0,0,0,0,0,0,0,0
Ставропольский край,564,558,551,545,539,532,526,520,515,511,507,503,498,494,489,485,481,481,478,471,466,461,457,453,453,449,448,445,442,435,430,429,425,422,418,415,411,408,404,400,396,391,387,383,379,376,372,368,366,360,356,352,348,346,343,340,337,334,332,331,331,328,324,321,317,313,310,308,305,302,299,297,294,292,287,282,279,275,274,271,268,265,263,260,257,254,252,250,250,247,244,241,240,237,233,230,227,224,221,218,216,215,212,209,206,203,200,197,195,193,189,186,183,181,178,177,174,172,169,167,165,163,161,159,156,154,151,148,145,145,142,140,137,134,131,130,128,128,126,124,123,120,120,119,116,114,112,109,106,104,103,102,99,99,98,97,95,94,92,90,89,87,85,85,83,82,78,75,72,71,70,69,68,67,66,65,63,62,60,57,56,53,50,47,47,46,46,45,43,42,41,40,38,38,36,34,32,31,28,26,26,26,23,21,21,20,20,20,20,20,20,18,17,15,14,14,14,10,6,6,6,5,5,5,5,4,3,3,2,2,2,2,2,2,2,2,1,0,0,0,0,0,0,0,0,0,0,0,0,0,0,0
Тамбовская область,102,88,75,75,75,75,75,75,75,75,75,75,73,73,70,66,66,66,66,66,65,63,58,57,56,56,55,55,54,52,51,50,50,50,50,49,46,46,46,46,46,46,46,46,46,46,46,46,46,46,46,46,46,46,46,46,46,46,46,46,46,46,46,46,46,46,46,46,46,46,46,46,46,46,46,46,46,46,46,46,46,46,46,46,46,46,45,45,45,45,45,45,45,45,45,45,45,45,45,44,44,44,44,44,44,44,44,44,44,44,44,44,43,37,37,37,37,36,36,36,30,30,30,30,30,30,30,30,30,30,30,30,30,30,30,30,30,30,30,28,28,21,19,19,19,19,19,19,19,19,19,19,19,19,19,19,19,19,19,17,17,17,15,15,15,15,14,12,12,12,10,10,10,10,8,8,8,8,8,8,8,8,8,8,7,7,7,7,7,6,6,6,6,5,5,5,5,4,4,4,4,3,3,3,2,2,2,2,2,2,2,2,2,2,2,2,2,1,1,1,1,1,0,0,0,0,0,0,0,0,0,0,0,0,0,0,0,0,0,0,0,0,0,0,0,0,0,0,0,0,0,0
Тверская область,389,384,381,381,378,373,370,369,369,366,365,363,361,359,357,355,353,351,349,346,342,342,339,339,339,339,338,335,335,330,326,326,324,319,313,308,304,302,302,302,298,296,293,289,285,285,285,281,278,276,273,271,271,271,268,266,263,259,255,255,254,251,247,245,243,240,240,240,235,233,231,230,228,228,227,223,221,218,217,217,217,217,216,214,212,210,209,207,205,202,199,196,195,193,191,189,187,184,181,179,179,178,176,175,175,173,171,170,170,167,165,163,161,161,160,158,156,153,153,150,149,148,147,144,142,140,137,134,132,130,128,126,124,122,120,118,116,113,111,107,105,103,101,98,97,94,91,88,86,83,80,77,74,72,72,69,68,68,67,64,64,61,61,59,57,57,55,53,52,51,50,50,50,50,49,49,44,41,41,41,39,37,33,28,22,22,22,22,22,19,17,17,17,15,14,11,11,11,10,10,10,10,10,10,10,10,10,10,8,8,8,8,6,3,3,3,3,1,1,1,1,0,0,0,0,0,0,0,0,0,0,0,0,0,0,0,0,0,0,0,0,0,0,0,0,0,0,0,0,0,0,0
Томская область,171,171,165,165,162,157,157,154,154,151,151,146,146,143,143,140,140,136,136,136,134,134,131,131,130,130,128,128,125,125,125,125,123,119,119,116,116,112,112,111,111,106,106,104,104,101,101,101,96,96,93,93,92,90,90,90,88,88,88,88,87,87,87,85,85,84,84,82,82,81,81,79,79,79,78,78,77,77,77,76,76,75,75,74,74,72,72,72,71,71,69,69,69,69,67,66,65,64,62,62,59,59,59,57,57,54,54,54,52,51,51,49,48,48,45,45,43,43,42,40,40,38,38,37,36,34,33,31,30,30,29,29,28,28,27,26,26,26,25,25,25,24,24,23,23,22,21,21,21,20,20,20,17,17,14,14,14,14,14,14,14,14,14,14,14,14,14,11,11,11,11,11,11,11,11,11,11,11,11,11,11,11,11,11,11,11,11,11,10,10,10,9,9,4,4,4,4,4,4,4,4,4,4,4,3,3,2,2,2,1,1,1,1,1,1,1,0,0,0,0,0,0,0,0,0,0,0,0,0,0,0,0,0,0,0,0,0,0,0,0,0,0,0,0,0,0,0,0,0,0,0,0
Тульская область,491,487,481,481,478,477,475,472,469,466,464,462,461,459,457,454,453,451,449,449,449,445,442,440,439,438,433,431,429,427,425,425,425,423,421,418,416,413,411,409,407,404,402,402,402,400,398,396,394,393,393,391,389,387,385,385,384,381,381,379,377,375,374,371,370,369,369,368,367,365,363,361,359,358,356,354,353,351,350,348,347,345,343,341,339,337,335,333,331,329,327,325,324,322,320,318,317,315,313,312,311,309,307,304,301,297,295,293,293,292,290,287,284,281,277,275,270,266,261,256,250,248,243,239,234,229,226,220,216,213,209,205,200,196,191,186,182,178,175,171,166,161,156,153,150,145,141,137,133,129,125,122,118,114,111,107,103,100,97,93,90,89,86,83,81,78,75,71,67,64,60,58,56,56,53,51,51,49,49,49,47,44,42,39,36,36,36,33,30,24,20,20,20,20,20,20,20,19,19,19,19,18,16,14,14,12,12,12,11,10,9,9,8,8,7,7,7,6,5,5,5,4,3,3,2,1,0,0,0,0,0,0,0,0,0,0,0,0,0,0,0,0,0,0,0,0,0,0,0,0,0,0
Тюменская область,134,131,131,131,131,131,131,129,126,125,125,122,117,117,114,113,107,107,107,103,99,97,91,91,91,90,87,85,82,80,75,75,75,70,63,62,62,60,59,59,56,56,55,51,51,51,51,51,50,49,46,45,45,45,43,42,42,41,40,40,40,39,38,38,38,37,37,36,36,36,36,36,36,36,36,35,32,32,32,31,31,31,31,31,31,31,31,31,31,31,31,31,31,30,30,30,30,30,30,29,29,29,29,28,28,28,28,28,28,28,28,28,28,28,28,28,28,28,26,26,25,25,25,25,25,25,25,25,25,25,24,24,23,22,22,22,22,22,22,22,21,20,20,19,19,18,18,18,18,18,18,18,18,18,18,17,17,17,16,16,16,16,16,16,16,16,15,15,15,15,14,14,13,13,12,12,12,12,12,11,10,9,8,8,8,8,8,7,7,7,7,7,7,7,7,7,7,7,7,7,7,6,6,6,6,5,5,5,5,5,4,4,3,3,3,3,3,3,3,3,3,3,2,2,2,2,2,2,2,2,1,1,0,0,0,0,0,0,0,0,0,0,0,0,0,0,0,0,0,0,0,0
Удмуртская Республика,289,287,285,284,280,280,278,276,273,271,268,268,265,264,261,260,257,254,253,250,247,237,226,219,219,219,213,203,203,198,192,180,170,166,162,154,142,132,132,132,123,117,116,108,105,105,105,104,99,94,90,86,83,79,76,73,73,73,73,73,73,70,70,66,66,65,65,65,65,65,65,62,62,62,62,59,59,57,55,54,54,54,54,54,51,51,49,49,49,45,45,45,45,45,45,45,45,45,45,42,38,38,38,38,36,36,36,34,34,34,34,34,34,34,34,33,33,33,31,31,27,27,26,26,25,24,24,23,23,23,23,23,23,22,22,19,19,19,19,19,19,19,19,19,19,19,19,17,17,17,17,17,16,16,16,16,16,16,16,15,15,15,15,15,15,15,13,12,12,12,12,12,12,12,12,12,12,12,12,12,12,12,12,12,12,12,12,12,12,12,12,12,12,12,12,12,12,12,12,12,12,12,12,12,12,12,11,11,11,10,10,10,10,9,9,8,8,6,6,5,4,4,4,3,3,3,3,3,3,3,0,0,0,0,0,0,0,0,0,0,0,0,0,0,0,0,0,0,0,0,0,0
Ульяновская область,354,345,345,343,335,330,322,315,315,315,315,315,315,309,309,306,306,303,294,286,286,286,279,279,279,279,269,269,269,269,269,261,261,261,261,254,246,246,238,230,230,230,230,226,222,220,214,207,202,195,190,184,180,175,173,173,173,173,173,172,172,171,171,171,165,165,162,155,155,155,147,147,147,140,140,140,140,140,134,130,130,130,125,125,120,111,111,111,111,111,111,110,101,101,93,93,91,91,91,91,91,87,87,80,76,73,73,73,73,73,73,73,73,73,73,73,73,73,73,73,73,73,73,73,73,73,72,72,66,65,65,65,65,63,60,59,59,59,59,56,54,54,53,53,52,52,52,49,49,48,48,48,43,43,43,39,36,36,36,35,35,35,35,35,34,34,30,25,24,24,21,20,18,18,18,18,16,16,14,13,12,12,12,10,8,8,8,8,7,7,7,6,6,6,6,6,6,5,5,5,5,5,5,5,4,4,4,4,4,4,4,4,4,4,4,4,4,4,4,4,3,3,3,2,2,2,2,2,2,2,0,0,0,0,0,0,0,0,0,0,0,0,0,0,0,0,0,0,0,0,0,0
Хабаровский край,160,158,157,157,157,157,156,156,154,153,151,151,150,149,148,147,146,146,146,145,145,145,144,144,144,144,144,143,142,140,138,136,134,132,130,130,128,126,124,124,124,124,123,123,123,123,123,122,121,119,118,117,116,114,112,110,110,108,108,107,107,106,104,103,102,102,102,102,102,102,102,102,101,101,101,101,101,99,97,96,95,95,95,95,94,94,93,93,93,93,93,92,91,90,89,87,87,86,85,84,83,83,83,83,83,83,83,81,79,79,77,76,75,73,73,73,73,71,69,67,65,63,61,61,59,58,57,55,53,52,52,52,52,52,52,51,49,48,46,44,43,43,42,42,37,36,35,34,33,32,30,30,30,29,29,29,28,28,28,28,27,26,24,23,23,23,22,21,20,19,19,19,19,19,19,18,17,17,17,16,15,14,13,12,12,11,11,11,11,10,10,10,10,10,9,9,9,9,9,9,9,7,7,7,7,7,7,7,7,7,7,7,7,7,7,5,5,5,5,5,5,5,5,5,5,5,5,4,4,3,2,2,2,2,2,2,1,1,1,0,0,0,0,0,0,0,0,0,0,0,0,0
Ханты-Мансийский АО,420,413,407,403,398,394,389,381,374,368,363,357,352,343,337,329,324,318,313,306,301,295,287,281,277,274,269,266,261,256,252,248,244,241,238,235,232,229,226,223,221,219,217,215,213,212,210,208,207,206,206,205,203,202,200,198,196,194,192,191,190,189,188,187,186,185,185,185,184,183,182,181,181,179,179,179,179,179,178,177,177,177,177,176,176,175,175,174,174,172,170,169,167,166,165,164,163,162,161,160,158,157,156,155,154,153,151,150,149,148,146,145,143,141,141,140,139,137,136,135,133,131,130,129,128,128,128,128,128,124,120,117,115,112,106,106,103,100,97,96,96,94,93,91,89,85,81,78,75,72,69,65,63,59,56,55,52,48,44,41,38,38,37,35,34,33,32,32,30,29,27,27,26,24,24,23,21,21,20,20,18,18,18,18,18,18,18,17,17,17,17,17,17,15,13,12,12,11,9,9,8,8,6,6,6,4,4,4,4,4,4,4,4,3,3,3,3,2,2,2,1,1,1,1,1,0,0,0,0,0,0,0,0,0,0,0,0,0,0,0,0,0,0,0,0,0,0,0,0,0,0,0
Челябинская область,306,301,291,281,273,263,254,244,236,227,218,210,203,193,184,174,173,172,171,171,170,168,165,165,165,165,165,165,165,164,163,163,163,163,161,159,159,159,159,159,155,155,155,152,152,147,147,147,147,145,142,142,142,142,142,139,139,138,138,135,135,135,130,130,130,130,130,130,127,122,122,122,122,122,122,119,119,114,111,111,111,111,111,109,109,108,108,108,108,108,108,105,104,104,104,104,104,104,103,103,103,103,103,102,101,101,101,99,99,99,99,98,98,96,95,95,95,95,95,95,94,94,94,94,93,92,92,91,90,90,90,89,89,89,88,88,88,88,88,88,88,88,88,88,88,88,88,88,88,88,88,88,88,88,88,88,88,88,88,88,70,70,70,62,61,61,60,51,47,47,47,43,40,37,37,37,33,31,28,26,23,21,20,19,18,16,16,15,14,13,13,12,12,11,11,11,10,9,6,6,6,6,5,4,4,4,4,3,3,3,3,3,3,2,2,1,1,1,0,0,0,0,0,0,0,0,0,0,0,0,0,0,0,0,0,0,0,0,0,0,0,0,0,0,0,0,0,0,0,0,0,0
Чеченская Республика,70,68,66,66,65,62,62,61,59,59,57,57,55,54,54,52,52,51,51,51,51,49,49,48,48,48,48,48,48,48,48,48,47,47,47,46,45,45,45,44,44,44,43,43,43,43,43,43,42,42,42,42,42,42,41,41,41,41,41,40,40,40,40,40,40,40,40,40,40,40,40,40,40,40,40,40,40,40,40,40,40,40,40,40,40,40,40,39,39,39,38,38,38,38,38,38,38,38,38,38,38,38,38,38,37,37,37,37,37,37,35,35,35,35,34,34,34,33,33,33,33,33,33,32,32,32,32,31,31,31,31,31,30,30,30,30,29,29,29,28,28,28,27,27,26,26,26,25,25,24,24,24,23,23,23,22,22,22,21,21,21,20,20,20,20,20,19,19,19,17,17,17,17,17,16,16,16,15,14,14,14,14,14,13,13,13,13,13,13,13,13,13,12,12,11,11,11,11,10,9,9,9,9,9,9,8,8,8,8,8,8,8,8,8,8,7,7,7,7,6,6,6,6,6,6,5,5,5,5,5,5,5,5,5,3,1,1,1,1,1,1,1,1,1,1,0,0,0,0,0,0,0
Чукотский автономный округ,3,3,3,3,3,3,3,3,3,3,3,3,3,3,3,3,3,3,3,3,3,3,3,3,3,3,2,2,2,2,2,2,2,2,2,2,2,2,2,2,2,2,2,2,2,2,2,2,2,2,2,2,2,2,2,2,2,2,2,2,2,2,2,2,2,2,2,2,2,2,2,2,2,2,2,2,2,2,2,2,2,2,2,2,2,2,2,2,2,2,2,2,2,2,2,2,2,2,2,2,2,2,2,2,2,1,1,1,1,1,1,1,1,1,1,1,1,1,1,1,1,1,1,1,1,1,1,1,1,1,1,1,1,1,1,1,1,1,1,1,1,1,1,1,1,1,1,1,1,1,1,1,1,1,1,1,1,1,1,1,1,1,1,1,1,1,1,1,1,1,1,1,1,1,1,1,1,1,1,1,1,1,1,1,1,1,1,1,1,1,1,1,1,1,0,0,0,0,0,0,0,0,0,0,0,0,0,0,0,0,0,0,0,0,0,0,0,0,0,0,0,0,0,0,0,0,0,0,0,0,0,0,0,0,0,0,0,0,0,0,0,0,0,0,0,0,0,0,0,0,0,0
Ямало-Ненецкий автономный округ,265,261,257,254,254,250,246,243,240,237,234,230,223,217,210,203,196,193,191,184,176,169,162,160,160,159,155,153,153,150,146,146,145,141,136,134,130,127,127,119,119,114,111,109,106,106,106,106,106,106,106,106,106,112,105,104,103,102,101,101,101,100,99,99,99,99,99,99,99,99,99,99,99,99,98,98,97,97,97,97,97,95,95,95,94,94,93,93,93,92,91,90,90,90,90,90,90,90,90,88,87,87,87,85,85,84,83,82,82,82,82,82,82,82,79,79,79,79,79,79,79,79,79,78,77,77,76,74,73,73,72,70,70,68,64,60,60,60,59,59,57,57,56,56,56,52,51,47,47,45,44,43,42,40,39,37,37,37,34,34,34,33,30,27,25,25,22,21,21,18,17,16,15,15,13,13,13,11,11,11,11,11,11,10,10,9,9,9,7,6,6,6,6,5,5,5,5,3,3,3,3,3,3,3,3,3,3,3,3,3,3,3,3,3,1,1,1,1,1,1,1,1,1,1,1,1,1,1,1,1,1,1,1,1,1,1,1,0,0,0,0,0,0,0,0,0,0,0,0,0,0,0
Ярославская область,88,85,84,84,84,83,83,81,78,78,76,73,73,70,70,70,70,69,69,69,69,68,68,68,68,68,68,68,66,65,62,59,59,58,58,58,58,58,58,57,55,55,54,54,52,52,52,52,50,50,50,50,49,48,48,48,47,47,47,46,46,46,46,46,46,46,46,46,46,46,46,46,45,45,45,45,45,45,43,42,42,42,42,42,42,42,38,38,38,38,38,37,37,36,35,35,35,33,33,32,32,32,32,32,32,32,32,32,32,32,32,32,32,31,31,31,31,31,31,31,31,30,29,29,29,28,27,25,25,25,25,25,24,24,24,22,22,22,22,22,22,22,22,22,22,22,22,22,22,19,19,19,19,19,19,19,19,19,19,18,18,18,17,17,17,17,16,16,16,16,16,16,16,16,15,15,15,15,15,15,15,15,14,14,14,14,14,14,13,13,13,13,13,13,13,13,12,12,12,11,11,11,11,11,11,11,11,11,11,11,11,5,5,5,5,5,4,4,3,3,2,2,2,1,0,0,0,0,0,0,0,0,0,0,0,0,0,0,0,0,0,0,0,0,0,0,0,0,0,0,0,0